CodFrota;descricao_especialidade;descricao_especialidadeAgrup;descricao_frota
36700;REBOQUE - CANAVIEIRO;REBOQUE;SEMI REBOQUE RANDON SR CP 0228 AAA-9999
36701;REBOQUE - CANAVIEIRO;REBOQUE;REBOQUE RANDON RQ CP HI 0435 AAA-9999
36702;REBOQUE - CANAVIEIRO;REBOQUE;SEMI REBOQUE RANDON SR CP 0228 AAA-9999
36703;REBOQUE - CANAVIEIRO;REBOQUE;REBOQUE RANDON RQ CP HI 0435 AAA-9999
36704;REBOQUE - CANAVIEIRO;REBOQUE;SEMI REBOQUE RANDON SR CP 0228 AAA-9999
36705;REBOQUE - CANAVIEIRO;REBOQUE;REBOQUE RANDON RQ CP HI 0435 AAA-9999
36706;REBOQUE - CANAVIEIRO;REBOQUE;REBOQUE RANDON RQ CP HI 0435 AAA-9999
36707;REBOQUE - CANAVIEIRO;REBOQUE;SEMI REBOQUE RANDON SR CP 0228 AAA-9999
36708;REBOQUE - CANAVIEIRO;REBOQUE;REBOQUE MGS MNJ-6587
36709;REBOQUE - CANAVIEIRO;REBOQUE;REBOQUE MGS MNJ-6757
36710;REBOQUE - CANAVIEIRO;REBOQUE;REBOQUE MGS  MNU-1346
36711;REBOQUE - CANAVIEIRO;REBOQUE;REBOQUE GOYDO MOD-7727
36712;REBOQUE - CANAVIEIRO;REBOQUE;REBOQUE GOYDO MOD-7697
46000;VEICULO - TAXI;VEICULO;AUTOMOVEL GM SPIN QQB-9J93
46001;UTILITARIO - TRANSPORTE;UTILITARIO;VEICULOS PREFEITURA MINAS GERAIS
46002;VEICULO - COLABORADORES / PARCEIROS;VEICULO;AUTOMOVEL VW NIVUS HL TSI SDJ-1E53
46004;VEICULO - ASSISTENCIA;VEICULO;AUTOMOVEL FIAT UNO MILLE ETM-8C11
46005;MAQUINA PESADA - MOTONIVELADORA;MAQUINA PESADA;VEICULOS PEREIRA E CIA
46006;VEICULO - COLABORADORES / PARCEIROS;VEICULO;AUTOMOVEL COROLLA XEI SCB-1D82
46007;VEICULO - COLABORADORES / PARCEIROS;VEICULO;AUTOMOVEL VW POLO TRACK MA GTN-9J63
46008;VEICULO - COLABORADORES / PARCEIROS;VEICULO;MOTOCICLETA HONDA NXR 150 BROS OPV-3C88
46010;VEICULO - COLABORADORES / PARCEIROS;VEICULO;AUTOMOVEL HONDA CIVIC EXL CVT OWW-5J45
46011;VEICULO - ASSISTENCIA;VEICULO;AUTOMOVEL GM S10 LTZ QMS-8080
46012;VEICULO - COLABORADORES / PARCEIROS;VEICULO;AUTOMOVEL VW GOL L MC4 REP-7H01
46015;VEICULO - COLABORADORES / PARCEIROS;VEICULO;AUTOMOVEL VW SAVEIRO CS RB MF SYZ-8C49
46016;UTILITARIO - TRANSPORTE;UTILITARIO;VIATURA POLICIA CAPINOPOLIS
46018;UTILITARIO - TRANSPORTE;UTILITARIO;VIATURA POLICIA ITUIUTABA
46019;VEICULO - ASSISTENCIA;VEICULO;CAMINHONETE HILUX CD STD FSZ-0H00
46020;VEICULO - COLABORADORES / PARCEIROS;VEICULO;CAMINHONETE VW PP MBVE PBP-2C62
46021;VEICULO - ASSISTENCIA;VEICULO;AUTOMOVEL FIAT STRADA FREEDOM RNZ-0E28
46022;VEICULO - ASSISTENCIA;VEICULO;CAMINHONETE FORD F1000 GPR-1I24
46023;VEICULO - ASSISTENCIA;VEICULO;AUTOMOVEL VW GOL L MB5 RCJ-0B46
46028;VEICULO - ASSISTENCIA;VEICULO;AUTOMOVEL FORD RANGER LTDC SCU-9E00
46029;MOTOCICLETA - QUADRICICLO;MOTOCICLETA;QUADRICICLO POLARIS RANGER 570
46032;VEICULO - COLABORADORES / PARCEIROS;VEICULO;AUTOMOVEL WV NIVUS HL TSI FZC-II9I
46035;VEICULO - ASSISTENCIA;VEICULO;AUTOMOVEL GM CORSA HATCH NFF-1072
46037;VEICULO - ASSISTENCIA;VEICULO;AUTOMOVEL VW GOL L MB5 RCD-3A67
46038;VEICULO - COLABORADORES / PARCEIROS;VEICULO;AUTOMOVEL VW POLO TRACK MA SDL-9A89
46041;VEICULO - ASSISTENCIA;VEICULO;AUTOMOVEL GM ONIX 10TAT TEZ-9I52
46051;VEICULO - COLABORADORES / PARCEIROS;VEICULO;AUTOMOVEL FIAT STRADA HARD W. PZV-6F16
46052;VEICULO - ASSISTENCIA;VEICULO;AUTOMOVEL FIAT STRADA HARD W. PVB-7J41
46054;VEICULO - ASSISTENCIA;VEICULO;AUTOMOVEL HONDA HR-V EXL TXH-6B91
46087;VEICULO - COLABORADORES / PARCEIROS;VEICULO;AUTOMOVEL VW POLO TRACK MA AAA-9999
46088;VEICULO - ASSISTENCIA;VEICULO;AUTOMOVEL GM TRACKER TEV-6C16
46089;VEICULO - ASSISTENCIA;VEICULO;AUTOMOVEL FIAT STRADA FREEDOM TF0-5C74
46092;VEICULO - ASSISTENCIA;VEICULO;AUTOMOVEL FIAT STRADA ENDURANCE SDI-1G97
46100;ONIBUS - TRANSPORTE PESSOAL;ONIBUS;ONIBUS VW COMIL SVELTO U EJV-4C08
46103;ONIBUS - TRANSPORTE PESSOAL;ONIBUS;ONIBUS VW IBRAVA APOLLO FPC-2D98
46104;ONIBUS - TRANSPORTE PESSOAL;ONIBUS;ONIBUS M.BENZ CIFERAL CITMAX U JJB-3D08
46105;ONIBUS - TRANSPORTE PESSOAL;ONIBUS;ONIBUS VW MASCA GRAN VIA DTA-5786
46107;CAMINHAO - BOMBEIRO;CAMINHAO;CAMINHAO FORD 815E DTE-6350
46108;CAMINHAO - TRANSP. ACUCAR;CAMINHAO;CAMINHAO SCANIA T112 HS AFC-4G02
46109;ONIBUS - TRANSPORTE PESSOAL;ONIBUS;ONIBUS MARCOPOLO VOLARE W8 KHM-9A04
46110;CAMINHAO - TRANSP. ADUBO;CAMINHAO;CAMINHAO M.BENZ L1418 GNB-9G05
46111;ONIBUS - TRANSPORTE PESSOAL;ONIBUS;ONIBUS VW COMIL SVELTO U EJV-4C06
46114;ONIBUS - TRANSPORTE PESSOAL;ONIBUS;ONIBUS VW COMIL SVELTO U NGR-9H16
46115;CAMINHAO - COMBOIO;CAMINHAO;CAMINHAO IVECO DAILY 45 170 AAA-9999
46116;ONIBUS - TRANSPORTE PESSOAL;ONIBUS;MICROONIBUS FIAT DUCATO GYS-3065
46117;CAMINHAO - CACAMBA;CAMINHAO;CAMINHAO IVECO TECTOR 170E21 QNR-3978
46118;ONIBUS - TRANSPORTE PESSOAL;ONIBUS;ONIBUS VW INDUSCAR APACHE NFS-5E96
46119;CAMINHAO - CACAMBA;CAMINHAO;CAMINHAO M.BENZ ATRON 1719 OQM-9966
46120;ONIBUS - TRANSPORTE PESSOAL;ONIBUS;ONIBUS VW COMIL SVELTO U NGS-9J26
46124;ONIBUS - TRANSPORTE PESSOAL;ONIBUS;ONIBUS VW INDUSCAR APACHE U NFS-5D96
46125;ONIBUS - TRANSPORTE PESSOAL;ONIBUS;ONIBUS VW COMIL SVELTO U GVE-3B77
46126;ONIBUS - TRANSPORTE PESSOAL;ONIBUS;ONIBUS VW COMIL SVELTO U GVE-3B54
46127;ONIBUS - TRANSPORTE PESSOAL;ONIBUS;ONIBUS VW INDUSCAR APACHE U NGH-5A65
46129;CAMINHAO - TRANSP. ADUBO;CAMINHAO;CAMINHAO M.BENZ 2423K DVD-7543
46130;IMPLEMENTO - GUINDASTE;IMPLEMENTO;CAMINHAO FORD 2628E HDI-9455
46132;IMPLEMENTO - GUINDASTE;IMPLEMENTO;CAMINHAO VW 26310 NFC-2763
46133;ONIBUS - TRANSPORTE PESSOAL;ONIBUS;ONIBUS M.BENZ INDUSCAR APACHE KXB-5A92
46136;ONIBUS - TRANSPORTE PESSOAL;ONIBUS;MICROONIBUS RENAULT MASTER BUS NYP-5715
46137;CAMINHAO - TRANSP. ACUCAR;CAMINHAO;CAMINHAO SCANIA T113 H 360 BYC-8J94
46138;CAMINHAO - CANAVIEIRO;CAMINHAO;CAMINHAO M.BENZ AROCS 3353S SFH-2H91
46139;CAMINHAO - TRANSP. ACUCAR;CAMINHAO;CAMINHAO SCANIA 113H 360 GQF-9J85
46140;IMPLEMENTO - GUINDASTE;IMPLEMENTO;CAMINHAO FORD CARGO 2218 CLU-1886
46143;CAMINHAO - BOMBEIRO;CAMINHAO;CAMINHAO VW 13180 GWI-9J25
46144;CAMINHAO - COMBOIO;CAMINHAO;CAMINHAO M.BENZ L1218 CEG-1D75
46147;CAMINHAO - BOMBEIRO;CAMINHAO;CAMINHAO M.BENZ 2423K GZV-8734
46148;CAMINHAO - APOIO INDUSTRIA;CAMINHAO;CAMINHAO M.BENZ 1620L HRP-3754
46149;CAMINHAO - OFICINA;CAMINHAO;CAMINHAO M.BENZ 2423K HDB-6243
46155;CAMINHAO - TRANSP. ADUBO;CAMINHAO;CAMINHAO FORD CARGO 2425 MUA-5336
46160;ONIBUS - TRANSPORTE PESSOAL;ONIBUS;ONIBUS M.BENZ COMIL VERSATILE I GSV-2D75
46161;ONIBUS - TRANSPORTE PESSOAL;ONIBUS;ONIBUS M.BENZ OF1418 NEOBUS KRC-8776
46162;CAMINHAO - TRANSP. ACUCAR;CAMINHAO;CAMINHAO SCANIA T113 H GQF-9J85
46163;ONIBUS - TRANSPORTE PESSOAL;ONIBUS;ONIBUS M.BENZ OF1418 NEOBUS KVH-7788
46164;CAMINHAO - CACAMBA;CAMINHAO;CAMINHAO VW 18310 MVY-9105
46166;ONIBUS - TRANSPORTE PESSOAL;ONIBUS;ONIBUS M.BENZ OF1418 NEOBUS KVG-6603
46167;CAMINHAO - BOMBEIRO;CAMINHAO;CAMINHAO M.BENZ L1214 KFI-8C17
46168;ONIBUS - TRANSPORTE PESSOAL;ONIBUS;ONIBUS M.BENZ OF1418 NEOBUS KNW-6143
46169;ONIBUS - TRANSPORTE PESSOAL;ONIBUS;MICROONIBUS MARCOPOLO VOLARE W8 DBS-1A71
46170;CAMINHAO - TRANSP. ACUCAR;CAMINHAO;CAMINHAO SCANIA T114 HZO-7825
46171;ONIBUS - TRANSPORTE PESSOAL;ONIBUS;ONIBUS M.BENZ OF 1620 BXI-8F93
46195;ONIBUS - TRANSPORTE PESSOAL;ONIBUS;ONIBUS VW MPOLO SENIOR MIDI OKS-7008
46196;ONIBUS - TRANSPORTE PESSOAL;ONIBUS;ONIBUS VW MPOLO SENIOR MIDI OKS-8380
46197;CAMINHAO - PRANCHA;CAMINHAO;CAMINHAO IVECO TRAKKER 720T42TN HFF-9864
46221;ONIBUS - TRANSPORTE PESSOAL;ONIBUS;ONIBUS VOLVO COMIL SVELTO U OGJ-3C11
46222;ONIBUS - TRANSPORTE PESSOAL;ONIBUS;ONIBUS M.BENZ COMIL SVELTO U OGW-8G41
46224;ONIBUS - TRANSPORTE PESSOAL;ONIBUS;ONIBUS VW COMIL SVELTO U GVE-3B75
46225;ONIBUS - TRANSPORTE PESSOAL;ONIBUS;ONIBUS VW COMIL SVELTO U GVE-3B49
46226;ONIBUS - TRANSPORTE PESSOAL;ONIBUS;ONIBUS VW COMIL SVELTO U GVE-3B55
46228;ONIBUS - TRANSPORTE PESSOAL;ONIBUS;MICROONIBUS AGRALE NEOBUS GVQ-0B48
46230;ONIBUS - TRANSPORTE PESSOAL;ONIBUS;ONIBUS VW SVELTO U GVE-3B53
46231;CAMINHAO - APOIO INDUSTRIA;CAMINHAO;CAMINHAO M.BENZ ACCELO 1016 EWJ-1F21
46232;ONIBUS - TRANSPORTE PESSOAL;ONIBUS;ONIBUS VW BUSSCAR EL BUSS HBG-0I57
46233;ONIBUS - TRANSPORTE PESSOAL;ONIBUS;ONIBUS VW BUSSCAR EL BUSS GVE-6E05
46234;ONIBUS - TRANSPORTE PESSOAL;ONIBUS;MICROONIBUS TOYOTA HIACE PASS TGC-8F52
46501;MAQUINA - UNIPORT;MAQUINA;TRATOR UNIPORT JACTO 3000
46502;MAQUINA - UNIPORT;MAQUINA;TRATOR UNIPORT JACTO 2030
46503;TRATOR - AGRICOLA;TRATOR;TRATOR NEW HOLLAND T7 260
46504;TRATOR - AGRICOLA;TRATOR;TRATOR NEW HOLLAND T7 245
46505;MAQUINA - UNIPORT;MAQUINA;TRATOR UNIPORT NEW HOLLAND SP 350
46506;MAQUINA - UNIPORT;MAQUINA;TRATOR UNIPORT JACTO 2020
46509;TRATOR - AGRICOLA;TRATOR;TRATOR AGRICOLA JOHN DEERE 6125D
46510;TRATOR - AGRICOLA;TRATOR;TRATOR VALTRA A950 AAA-9999
46512;TRATOR - AGRICOLA;TRATOR;TRATOR MASSEY FERGUSON 296
46513;TRATOR - AGRICOLA;TRATOR;TRATOR NEW HOLLAND TL5100
46514;TRATOR - AGRICOLA;TRATOR;TRATOR FORD 6600
46516;TRATOR - AGRICOLA;TRATOR;TRATOR JOHN DEERE 5090E
46517;MAQUINA - UNIPORT;MAQUINA;TRATOR UNIPORT JACTO 3000
46519;TRATOR - AGRICOLA;TRATOR;TRATOR VALTRA BH 154
46524;TRATOR - AGRICOLA;TRATOR;TRATOR JOHN DEERE 7515
46525;TRATOR - AGRICOLA;TRATOR;TRATOR VALTRA BH180
46534;MAQUINA - UNIPORT;MAQUINA;TRATOR UNIPORT JACTO 2500
46536;TRATOR - AGRICOLA;TRATOR;TRATOR NEW HOLLAND TL 95
46537;TRATOR - AGRICOLA;TRATOR;TRATOR NEW HOLLAND TL 75
46538;TRATOR - AGRICOLA;TRATOR;TRATOR MASSEY FERGUSON MF 275
46558;TRATOR - AGRICOLA;TRATOR;TRATOR MASSEY FERGUSON 5320
46559;MAQUINA - UNIPORT;MAQUINA;TRATOR UNIPORT JACTOR 3030
46567;MAQUINA - UNIPORT;MAQUINA;TRATOR UNIPORT JACTO 4530
46577;TRATOR - AGRICOLA;TRATOR;TRATOR VALTRA 85
46578;TRATOR - AGRICOLA;TRATOR;TRATOR VALTRA 85
46579;CARREGADEIRA - AGRICOLA;CARREGADEIRA;CARREGADEIRA VALTRA BM100
46582;MAQUINA - UNIPORT;MAQUINA;TRATOR UNIPORT JACTO 2000
46588;TRATOR - AGRICOLA;TRATOR;TRATOR JOHN DEERE 6110D
46589;TRATOR - AGRICOLA;TRATOR;TRATOR MASSEY FERGUSON 4275
46590;TRATOR - AGRICOLA;TRATOR;TRATOR MASSEY FERGUSON 4275
46592;TRATOR - AGRICOLA;TRATOR;TRATOR VALTRA BM100 AAA-9999
46593;TRATOR - AGRICOLA;TRATOR;TRATOR VALTRA A750
46597;MAQUINA - UNIPORT;MAQUINA;TRATOR UNIPORT JD M4030
46598;TRATOR - AGRICOLA;TRATOR;DISTRIBUIDOR INSUMO STARA HERCULES 6.0
46599;TRATOR - AGRICOLA;TRATOR;TRATOR JOHN DEERE 5090E
46602;MAQUINA - UNIPORT;MAQUINA;TRATOR UNIPORT NEW HOLLAND SP3500
46701;REBOQUE - TANQUE;REBOQUE;REBOQUE TANQUE KRONE 35.000 L
46702;REBOQUE - PRANCHA;REBOQUE;REBOQUE PRANCHA SRT RANDON HDB-6884
46703;REBOQUE - TANQUE;REBOQUE;SEMI REBOQUE TANQUE 35.000L HDB-6617
46704;REBOQUE - TANQUE;REBOQUE;REBOQUE TANQUE 35.000L HDB-6634
46705;REBOQUE - TRANSBORDO;REBOQUE;REBOQUE TRANSBORDO ANTONIOSI ATA 12000
46706;REBOQUE - TRANSBORDO;REBOQUE;REBOQUE TRANSBORDO ANTONIOSI ATA 12000
46707;REBOQUE - TANQUE;REBOQUE;SEMI REBOQUE TANQUE USICAMP NWP-1H35
46708;REBOQUE - TANQUE;REBOQUE;REBOQUE TANQUE USICAMP OHA-2748
46900;MAQUINA PESADA - EMPILHADEIRA;MAQUINA PESADA;EMPILHADEIRA HYSTER H90FT
46901;MAQUINA PESADA - EMPILHADEIRA;MAQUINA PESADA;EMPILHADEIRA HYSTER H155FT
46902;MAQUINA PESADA - ESCAVADEIRA HIDRAULICA;MAQUINA PESADA;ESCAVADEIRA JOHN DEERE 210GLC
46903;MAQUINA PESADA - PA CARREGADEIRA;MAQUINA PESADA;PA CARREGADEIRA KOMATSU WA200-5
46904;MAQUINA PESADA - PLATAFORMA PANTOGRAFICA;MAQUINA PESADA;PLATAFORMA JLG 450AJ
46905;MAQUINA PESADA - PLATAFORMA PANTOGRAFICA;MAQUINA PESADA;PLATAFORMA GENIE Z45/25J
46906;MAQUINA PESADA - MOTONIVELADORA;MAQUINA PESADA;MOTONIVELADORA CAT 120K
46908;MAQUINA PESADA - EMPILHADEIRA;MAQUINA PESADA;EMPILHADEIRA STILL RC44-25C
46919;MAQUINA PESADA - RETROESCAVADEIRA;MAQUINA PESADA;RETROESCAVADEIRA JCB 3CT
46921;MAQUINA PESADA - PA CARREGADEIRA;MAQUINA PESADA;PA CARREGADEIRA MICHIGAN CLARK 75C
46928;MAQUINA PESADA - EMPILHADEIRA;MAQUINA PESADA;EMPILHADEIRA HYSTER H50FT GLP
46930;MAQUINA PESADA - EMPILHADEIRA;MAQUINA PESADA;EMPILHADEIRA HYSTER H60FT GLP
46934;MAQUINA PESADA - RETROESCAVADEIRA;MAQUINA PESADA;RETROESCAVADEIRA CAT 416
46935;MAQUINA PESADA - MOTONIVELADORA;MAQUINA PESADA;MOTONIVELADORA NEW HOLLAND RG 170B
46936;MAQUINA PESADA - ESCAVADEIRA HIDRAULICA;MAQUINA PESADA;MINI ESCAVADEIRA BOBCAT 418
46938;MAQUINA PESADA - RETROESCAVADEIRA;MAQUINA PESADA;RETROESCAVADEIRA RANDON RK406
46939;MAQUINA PESADA - MOTONIVELADORA;MAQUINA PESADA;MOTONIVELADORA NEW HOLLAND RG 170B
46940;MAQUINA PESADA - ESCAVADEIRA HIDRAULICA;MAQUINA PESADA;ESCAVADEIRA CAT 318D2L
46941;MAQUINA PESADA - PA CARREGADEIRA;MAQUINA PESADA;PA CARREGADEIRA CASE 621E
46943;MAQUINA PESADA - EMPILHADEIRA;MAQUINA PESADA;EMPILHADEIRA HYSTER H60FT GLP
46944;MAQUINA PESADA - RETROESCAVADEIRA;MAQUINA PESADA;RETROESCAVADEIRA JCB 3C
46951;MAQUINA PESADA - PA CARREGADEIRA;MAQUINA PESADA;PA CARREGADEIRA CATERPILLAR 966C
46952;MAQUINA - UNIPORT;MAQUINA;TRATOR UNIPORT JACTO 2530
46955;MAQUINA PESADA - PA CARREGADEIRA;MAQUINA PESADA;PA CARREGADEIRA KOMATSU WA200-5
46957;MAQUINA PESADA - RETROESCAVADEIRA;MAQUINA PESADA;RETROESCAVADEIRA CAT 416E
46970;MAQUINA PESADA - MOTONIVELADORA;MAQUINA PESADA;MOTONIVELADORA CAT 12K
46977;MAQUINA PESADA - ROLO COMPACTADOR;MAQUINA PESADA;ROLO COMPACTADOR DYNAPAC CA25PD
46978;MAQUINA PESADA - PA CARREGADEIRA;MAQUINA PESADA;PA CARREGADEIRA NEW HOLLAND W130B
46979;MAQUINA PESADA - PA CARREGADEIRA;MAQUINA PESADA;PA CARREGADEIRA CASE 721E
46980;MAQUINA PESADA - EMPILHADEIRA;MAQUINA PESADA;EMPILHADEIRA HANGCHA CPCD25-XRG2
46981;MAQUINA PESADA - PLATAFORMA PANTOGRAFICA;MAQUINA PESADA;PLATAFORMA JLG 800 AJ
46982;MAQUINA PESADA - MOTONIVELADORA;MAQUINA PESADA;MOTONIVELADORA JOHN DEERE 670G
46983;COMPACTADOR DE SOLO;COMPACTADOR DE SOLO;ROLO COMPACTADOR IMO SAMY SSR120C-10S
46984;MAQUINA PESADA - MOTONIVELADORA;MAQUINA PESADA;MOTONIVELADORA NEW HOLLAND RG 170B
46985;MAQUINA PESADA - ESCAVADEIRA HIDRAULICA;MAQUINA PESADA;ESCAVADEIRA KOMATSU PC130LC-10M0
46986;MAQUINA PESADA - ESCAVADEIRA HIDRAULICA;MAQUINA PESADA;ESCAVADEIRA KOMATSU PC210LC-10M0
46987;MAQUINA PESADA - ESCAVADEIRA HIDRAULICA;MAQUINA PESADA;ESCAVADEIRA HYUNDAI R210LC
46988;MAQUINA PESADA - ESCAVADEIRA HIDRAULICA;MAQUINA PESADA;ESCAVADEIRA KOMATSU PC130LC-10M0
46989;MAQUINA PESADA - PA CARREGADEIRA;MAQUINA PESADA;PA CARREGADEIRA CAT 924K
47201;EQUIPAMENTO IRRIG - HIDRO ROLL IRRIGACAO;EQUIPAMENTO IRRIG;HIDRO ROLL TURBOMAQ 140/GSV/350-4R
47202;EQUIPAMENTO IRRIG - HIDRO ROLL IRRIGACAO;EQUIPAMENTO IRRIG;HIDRO ROLL TURBOMAQ 140/GSV/350-4R
47203;EQUIPAMENTO IRRIG - HIDRO ROLL IRRIGACAO;EQUIPAMENTO IRRIG;HIDRO ROLL TURBOMAQ 140/GSV/350-4R
47204;EQUIPAMENTO IRRIG - HIDRO ROLL IRRIGACAO;EQUIPAMENTO IRRIG;HIDRO ROLL TURBOMAQ 140/GSV/350-4R
47205;EQUIPAMENTO IRRIG - MOTOR GERADOR;EQUIPAMENTO IRRIG;GERADOR HEIMER ARMAZEM INFLAVEL
47206;EQUIPAMENTO IRRIG - MOTOR GERADOR;EQUIPAMENTO IRRIG;GERADOR MAQUIGERAL 27C14A
47207;EQUIPAMENTO IRRIG - MOTOR GERADOR;EQUIPAMENTO IRRIG;GERADOR MAQUIGERAL 27C14A
47208;EQUIPAMENTO IRRIG - MOTOR GERADOR;EQUIPAMENTO IRRIG;MOTOR GERADOR MAQUIGERAL 27C14A
47209;EQUIPAMENTO IRRIG - MOTOR GERADOR;EQUIPAMENTO IRRIG;MOTOR GERADOR MAQUIGERAL 27C14A
47211;EQUIPAMENTO IRRIG - MOTOR GERADOR;EQUIPAMENTO IRRIG;GERADOR OLYMPIAN GEP 88-1
47212;EQUIPAMENTO IRRIG - MOTOR IRRIGACAO;EQUIPAMENTO IRRIG;MOTOR IRRIGACAO MWM 6.10T
47213;EQUIPAMENTO IRRIG - MOTOR IRRIGACAO;EQUIPAMENTO IRRIG;MOTOR IRRIGACAO MWM 6.10 T
47214;EQUIPAMENTO IRRIG - HIDRO ROLL IRRIGACAO;EQUIPAMENTO IRRIG;HIDRO ROLL TURBOMAQ 140/GSV/350 4R
47215;EQUIPAMENTO IRRIG - HIDRO ROLL IRRIGACAO;EQUIPAMENTO IRRIG;HIDRO ROLL TURBOMAQ 140/GSV/350 4R
47216;EQUIPAMENTO IRRIG - MOTOR IRRIGACAO;EQUIPAMENTO IRRIG;MOTOR IRRIGACAO MWM 6.10 T
47217;EQUIPAMENTO IRRIG - MOTOR GERADOR;EQUIPAMENTO IRRIG;GERADOR CUMMINS C110 D6
47218;EQUIPAMENTO IRRIG - MOTOR GERADOR;EQUIPAMENTO IRRIG;GERADOR HEIMER ARMAZEN INFLAVEL
47219;EQUIPAMENTO IRRIG - HIDRO ROLL IRRIGACAO;EQUIPAMENTO IRRIG;HIDRO HOLL TURBOMAQ 140/GSV/350-4R
47220;EQUIPAMENTO IRRIG - MOTOR ESTACIONARIO;EQUIPAMENTO IRRIG;MOTOR ESTACIONARIO CUMMINS C200 D6
47221;EQUIPAMENTO IRRIG - MOTOR GERADOR;EQUIPAMENTO IRRIG;MOTOR GERADOR HEIMER 50/55KVA
47222;EQUIPAMENTO IRRIG - MOTOR GERADOR;EQUIPAMENTO IRRIG;MOTOR GERADOR MWM D229/4
47223;EQUIPAMENTO IRRIG - MOTOR GERADOR;EQUIPAMENTO IRRIG;MOTOR GERADOR HEIMER 50/55KVA
47224;EQUIPAMENTO IRRIG - MOTOR GERADOR;EQUIPAMENTO IRRIG;MOTOR GERADOR TOYAMA TG15000CXE3XP
47226;EQUIPAMENTO INDUST - MOTOR GERADOR;EQUIPAMENTO INDUST;MOTOR GERADOR TECMAX TG 55K
47227;EQUIPAMENTO IRRIG - MOTOR GERADOR;EQUIPAMENTO IRRIG;MOTOR GERADOR STEMAC 500 KVA
47228;EQUIPAMENTO IRRIG - MOTOR ESTACIONARIO;EQUIPAMENTO IRRIG;MOTOR ESTACIONARIO CUMMINS C400 D6
47300;IMPLEMENTO - GUINDASTE;IMPLEMENTO;GUINDASTE IMO XCMG QY60K CPG-6477
47301;IMPLEMENTO - ROCADEIRA;IMPLEMENTO;ROCADEIRA INRODA SP3400TF
47302;IMPLEMENTO - GUINDASTE;IMPLEMENTO;GUINDASTE IMO SANY STC 1000 KWC-7595
47303;IMPLEMENTO - GUINDASTE;IMPLEMENTO;GUINDASTE IMO STC 300 B OWS-7120
47304;IMPLEMENTO - DISTRIBUIDOR CORRETIVO;IMPLEMENTO;DISTRIBUIDOR CALCARIO TATU/MA DCA2 10000
47305;IMPLEMENTO - DISTRIBUIDOR CORRETIVO;IMPLEMENTO;DISTRIBUIDOR CALCARIO TATU/MA DCA2 7500
47306;CAMINHAO - TRANSP. TUBO;CAMINHAO;CARRETA TRANSPORTE TUBOS
47307;IMPLEMENTO - DIVERSOS;IMPLEMENTO;COMPOSTADOR ORGANICO CIVEMASA CRO 4.0
47308;IMPLEMENTO - GUINDASTE;IMPLEMENTO;GUINDASTE IMO STC 300 B OWS-7140
47310;IMPLEMENTO - GUINDASTE;IMPLEMENTO;GUINDASTE IMO SANY STC 1000 SDC-8E33
47311;IMPLEMENTO - GUINDASTE;IMPLEMENTO;GUINDASTE IMO SANY STC 75
47312;IMPLEMENTO - APLIC. INSETICIDA;IMPLEMENTO;PULV. IMPLEMENTO CB CROSS JACTO 150 MF
47313;IMPLEMENTO - MOTOSSERRA;IMPLEMENTO;MOTOSSERRA STIHL MS 660
47314;UTILITARIO - DIVERSOS;UTILITARIO;PERFURATRIZ CZM EM400
47315;IMPLEMENTO - GUINDASTE;IMPLEMENTO;GUINDASTE IMO XCMG QY 25K HOA-0993
47316;UTILITARIO - DIVERSOS;UTILITARIO;PERFURATRIZ SOILMEC SR 30
47317;IMPLEMENTO - GUINDASTE;IMPLEMENTO;GUINDASTE IMO XCMG QY25K CPG-6542
47318;IMPLEMENTO - GUINDASTE;IMPLEMENTO;GUINDASTE IMO SANY STC 800 OMF-9099
47319;IMPLEMENTO - GUINDASTE;IMPLEMENTO;GUINDASTE IMO SANY SAC 2200S RCA-7F12
47320;IMPLEMENTO - GUINDASTE;IMPLEMENTO;GUINDASTE IMO SANY STC 800 OKS-1G07
47321;IMPLEMENTO - GUINDASTE;IMPLEMENTO;GUINDASTE IMO LIEBHERR LTM 1220 HIE-0066
47322;IMPLEMENTO - ROCADEIRA;IMPLEMENTO;ROCADEIRA ARRASTO KAMAQ SR 300 P
47323;IMPLEMENTO - DIVERSOS;IMPLEMENTO;BOMBA CONCRETO ZOOMLION HBT50.10.60RS
47324;IMPLEMENTO - GUINDASTE;IMPLEMENTO;GUINDASTE IMO SANY STC 75
47325;MAQUINA PESADA - PLATAFORMA PANTOGRAFICA;MAQUINA PESADA;PLATAFORMA ZOOMLION ZA45J
47700;AERONAVE - DIVERSOS;AERONAVE;AERONAVE CESSNA PT-WKD A118B
47701;AERONAVE - DIVERSOS;AERONAVE;AERONAVE CESSNA PR-ETX A188B
47702;AERONAVE - DIVERSOS;AERONAVE;AERONAVE PT GBJ EMB 200A
47704;DRONE - APLICACAO AEREA;DRONE;DRONE DJI AGRAS T40
47800;UTILITARIO - TRANSPORTE;UTILITARIO;VEICULO RESERVA LOCACAO
60000;VEICULO - DIRETORIA;VEICULO;CAMINHONETE HILUX SW4 PLATINUM SDM-8I81
60001;VEICULO - DIRETORIA;VEICULO;CAMINHONETE FORD RANGER QSD-2C81
60002;VEICULO - DIRETORIA;VEICULO;AUTOMOVEL CARRYALL 1
60003;VEICULO - DIRETORIA;VEICULO;CAMINHONETE GM S10 LTZ RLR-5B44
60050;VEICULO - ASSISTENCIA;VEICULO;AUTOMOVEL FIAT STRADA FREEDOM SIX-5D36
60051;VEICULO - ASSISTENCIA;VEICULO;AUTOMOVEL FIAT STRADA HARD W. QQT-8908
60052;VEICULO - ASSISTENCIA;VEICULO;AUTOMOVEL VW GOL L MB5 RFE-6I02
60053;VEICULO - ASSISTENCIA;VEICULO;AUTOMOVEL VW GOL L MB5 RFE-6I18
60054;VEICULO - ASSISTENCIA;VEICULO;AUTOMOVEL FIAT STRADA ENDURANCE RUY-1A18
60055;VEICULO - ASSISTENCIA;VEICULO;AUTOMOVEL FIAT STRADA ENDURANCE RUY-1A42
60056;VEICULO - ASSISTENCIA;VEICULO;AUTOMOVEL VW SAVEIRO CD RB MF TCN-5A75
60057;VEICULO - ASSISTENCIA;VEICULO;AUTOMOVEL FIAT STRADA FREEDOM TCF-4G86
60058;VEICULO - ASSISTENCIA;VEICULO;AUTOMOVEL FIAT STRADA ENDURANCE RUY-1A26
60059;VEICULO - ASSISTENCIA;VEICULO;AUTOMOVEL VW GOL MPI SGT-0H11
60060;VEICULO - ASSISTENCIA;VEICULO;AUTOMOVEL VW SAVEIRO ROBUST RTO-9A32
60061;VEICULO - ASSISTENCIA;VEICULO;AUTOMOVEL FIAT MOBI LIKE SIF-6A54
60062;VEICULO - ASSISTENCIA;VEICULO;AUTOMOVEL VW GOL MC4 QXX-4A23
60063;VEICULO - ASSISTENCIA;VEICULO;AUTOMOVEL FIAT STRADA ENDURANCE TCR-5E46
60064;VEICULO - ASSISTENCIA;VEICULO;AUTOMOVEL FIAT STRADA FREEDOM TCR-5E54
60065;VEICULO - ASSISTENCIA;VEICULO;AUTOMOVEL FIAT MOBI LIKE TDF-8D90
60066;VEICULO - ASSISTENCIA;VEICULO;AUTOMOVEL FIAT STRADA ENDURANCE RUY-1A20
60067;VEICULO - ASSISTENCIA;VEICULO;AUTOMOVEL FIAT STRADA ENDURANCE RUY-0J73
60068;VEICULO - ASSISTENCIA;VEICULO;AUTOMOVEL FIAT STRADA ENDURANCE RUY-1A34
60069;VEICULO - ASSISTENCIA;VEICULO;AUTOMOVEL FIAT STRADA ENDURANCE RUY-1A38
60070;VEICULO - ASSISTENCIA;VEICULO;AUTOMOVEL FIAT STRADA ENDURANCE RUY-1A24
60071;VEICULO - ASSISTENCIA;VEICULO;AUTOMOVEL FIAT STRADA(PERCA TOTAL)
60072;VEICULO - ASSISTENCIA;VEICULO;AUTOMOVEL FIAT STRADA ENDURANCE RUY-7J21
60073;VEICULO - ASSISTENCIA;VEICULO;AUTOMOVEL FIAT STRADA ENDURANCE RUY-7J01
60074;VEICULO - ASSISTENCIA;VEICULO;AUTOMOVEL FIAT STRADA ENDURANCE RUY-7I98
60075;VEICULO - ASSISTENCIA;VEICULO;AUTOMOVEL FIAT STRADA ENDURANCE RUY-7I88
60076;VEICULO - ASSISTENCIA;VEICULO;AUTOMOVEL FIAT STRADA ENDURANCE RUY-7I91
60077;VEICULO - ASSISTENCIA;VEICULO;AUTOMOVEL FIAT MOBI TREKKING RUY-7J14
60078;VEICULO - ASSISTENCIA;VEICULO;AUTOMOVEL FIAT STRADA FREEDOM RVD-5C08
60079;VEICULO - ASSISTENCIA;VEICULO;AUTOMOVEL FIAT MOBI TREKKING RVD-5C09
60080;VEICULO - ASSISTENCIA;VEICULO;AUTOMOVEL FIAT MOBI LIKE RVI-8G49
60081;VEICULO - ASSISTENCIA;VEICULO;AUTOMOVEL FIAT MOBI LIKE RVI-3E11
60082;VEICULO - ASSISTENCIA;VEICULO;AUTOMOVEL FIAT MOBI LIKE RVI-3E16
60083;VEICULO - ASSISTENCIA;VEICULO;AUTOMOVEL FIAT MOBI LIKE RVI-4A91
60084;VEICULO - ASSISTENCIA;VEICULO;AUTOMOVEL VW SAVEIRO CS RB MF QXW-9B30
60085;VEICULO - ASSISTENCIA;VEICULO;AUTOMOVEL FIAT MOBI LIKE RVI-4A95
60086;VEICULO - ASSISTENCIA;VEICULO;AUTOMOVEL FIAT MOBI LIKE RVI-4A99
60087;VEICULO - ASSISTENCIA;VEICULO;AUTOMOVEL FIAT MOBI LIKE RVI-4A69
60088;VEICULO - ASSISTENCIA;VEICULO;AUTOMOVEL GM SPIN TEE-2C71
60089;VEICULO - ASSISTENCIA;VEICULO;AUTOMOVEL FIAT STRADA FREEDOM RVN-6E51
60090;VEICULO - ASSISTENCIA;VEICULO;AUTOMOVEL FIAT STRADA ENDURANCE RVI-5B25
60091;VEICULO - ASSISTENCIA;VEICULO;AUTOMOVEL FIAT STRADA ENDURANCE RVU-9I75
60092;VEICULO - ASSISTENCIA;VEICULO;AUTOMOVEL FIAT STRADA ENDURANCE SCI-0J21
60093;VEICULO - ASSISTENCIA;VEICULO;AUTOMOVEL FIAT STRADA ENDURANCE SHK-1E11
60094;VEICULO - ASSISTENCIA;VEICULO;AUTOMOVEL FIAT MOBI LIKE SHL-4F53
60095;VEICULO - ASSISTENCIA;VEICULO;AUTOMOVEL VW GOL MPI SGT-0H13
60096;VEICULO - ASSISTENCIA;VEICULO;AUTOMOVEL VW GOL MPI SGT-0H04
60097;VEICULO - ASSISTENCIA;VEICULO;AUTOMOVEL FIAT STRADA ENDURANCE SHW-6H54
60098;VEICULO - ASSISTENCIA;VEICULO;AUTOMOVEL VW GOL MPI SCA-7I46
60099;VEICULO - ASSISTENCIA;VEICULO;AUTOMOVEL VW POLO TRACK MA SYR-5F11
60100;VEICULO - ASSISTENCIA;VEICULO;AUTOMOVEL VW POLO TRACK MA SYR-5F15
60101;VEICULO - ASSISTENCIA;VEICULO;AUTOMOVEL VW POLO TRACK MA SYR-1G43
60102;VEICULO - ASSISTENCIA;VEICULO;AUTOMOVEL VW SAVEIRO CS RB MF SYR-5F23
60103;VEICULO - ASSISTENCIA;VEICULO;AUTOMOVEL VW SAVEIRO CS RB MF SYR-5F27
60104;VEICULO - ASSISTENCIA;VEICULO;AUTOMOVEL VW SAVEIRO CS RB MF SYR-5F30
60105;VEICULO - ASSISTENCIA;VEICULO;AUTOMOVEL VW SAVEIRO CD RB MF PVR-7B59
60106;VEICULO - ASSISTENCIA;VEICULO;AUTOMOVEL VW SAVEIRO CD RB MF PVR-7B50
60107;VEICULO - ASSISTENCIA;VEICULO;AUTOMOVEL VW SAVEIRO CS RB MF QXW-9B26
60108;VEICULO - ASSISTENCIA;VEICULO;AUTOMOVEL VW SAVEIRO CS RB MF TEL-3J69
60109;VEICULO - ASSISTENCIA;VEICULO;AUTOMOVEL FIAT MOBI LIKE TCC-6D99
60110;VEICULO - ASSISTENCIA;VEICULO;AUTOMOVEL STRADA FREEDOM TCE-0C44
60111;VEICULO - ASSISTENCIA;VEICULO;AUTOMOVEL RENAULT OROCH INTENSE TFT-8J82
60112;VEICULO - ASSISTENCIA;VEICULO;AUTOMOVEL VW SAVEIRO CD RB MF TFG-5J42
60113;VEICULO - ASSISTENCIA;VEICULO;AUTOMOVEL RENAULT OROCH INTENSE TEX-2E65
60114;VEICULO - ASSISTENCIA;VEICULO;AUTOMOVEL RENAULT OROCH INTENSE TYC-9F69
60201;VEICULO - AMBULANCIA;VEICULO;AUTOMOVEL FIAT STRADA ENDURANCE RNJ-6G64
60250;MOTOCICLETA - ASSISTENCIA;MOTOCICLETA;MOTOCICLETA HONDA NXR 160 BROS PRJ-7B81
60251;MOTOCICLETA - ASSISTENCIA;MOTOCICLETA;MOTOCICLETA HONDA NXR 160 BROS QOU-8C22
60252;MOTOCICLETA - ASSISTENCIA;MOTOCICLETA;MOTOCICLETA HONDA NXR 160 BROS QPN-5124
60253;MOTOCICLETA - ASSISTENCIA;MOTOCICLETA;MOTOCICLETA HONDA NXR 160 BROS PQZ-1J33
60254;MOTOCICLETA - ASSISTENCIA;MOTOCICLETA;MOTOCICLETA HONDA NXR 160 BROS PQZ-1B13
60255;MOTOCICLETA - ASSISTENCIA;MOTOCICLETA;MOTOCICLETA HONDA NXR 160 BROS QWX-2J53
60256;MOTOCICLETA - ASSISTENCIA;MOTOCICLETA;MOTOCICLETA HONDA NXR 160 BROS RBR-5128
60257;MOTOCICLETA - ASSISTENCIA;MOTOCICLETA;MOTOCICLETA HONDA NXR 150 BROS PFV-6668
60258;MOTOCICLETA - ASSISTENCIA;MOTOCICLETA;MOTOCICLETA HONDA NXR 160 BROS RNO-8F75
60259;MOTOCICLETA - ASSISTENCIA;MOTOCICLETA;MOTOCICLETA HONDA NXR 160 BROS RNV-5F17
60260;MOTOCICLETA - ASSISTENCIA;MOTOCICLETA;MOTOCICLETA HONDA NXR 160 BROS AAA-9999
60261;MOTOCICLETA - ASSISTENCIA;MOTOCICLETA;MOTOCICLETA HONDA NXR 160 BROS RNV6J72
60262;MOTOCICLETA - ASSISTENCIA;MOTOCICLETA;MOTOCICLETA YAMAHA XTZ 150S RUE-1I68
60263;MOTOCICLETA - ASSISTENCIA;MOTOCICLETA;MOTOCICLETA YAMAHA XTZ 150S RUZ-6B35
60264;MOTOCICLETA - ASSISTENCIA;MOTOCICLETA;MOTOCICLETA YAMAHA XTZ 150S RUS-1E27
60265;MOTOCICLETA - ASSISTENCIA;MOTOCICLETA;MOTOCICLETA YAMAHA XTZ 150S SHP-1F43
60267;MOTOCICLETA - ASSISTENCIA;MOTOCICLETA;MOTOCICLETA HONDA NXR 160 BROS SYK-6H57
60268;MOTOCICLETA - ASSISTENCIA;MOTOCICLETA;MOTOCICLETA YAMAHA XTZ 150Z HIV-9I15
60269;MOTOCICLETA - ASSISTENCIA;MOTOCICLETA;MOTOCICLETA YAMAHA XTZ 150Z HIV-9H60
60270;MOTOCICLETA - ASSISTENCIA;MOTOCICLETA;MOTOCICLETA YAMAHA XTZ 150Z HIV-6J84
60271;MOTOCICLETA - ASSISTENCIA;MOTOCICLETA;MOTOCICLETA YAMAHA XTZ 150Z HIV-9I36
60272;MOTOCICLETA - ASSISTENCIA;MOTOCICLETA;MOTOCICLETA YAMAHA XTZ 150Z HIV-6J76
60273;MOTOCICLETA - ASSISTENCIA;MOTOCICLETA;MOTOCICLETA YAMAHA XTZ 150Z HIV-6J77
60274;MOTOCICLETA - ASSISTENCIA;MOTOCICLETA;MOTOCICLETA YAMAHA CROSSER Z AAA-9999
60275;MOTOCICLETA - ASSISTENCIA;MOTOCICLETA;MOTOCICLETA YAMAHA CROSSER Z AAA-9999
60276;MOTOCICLETA - ASSISTENCIA;MOTOCICLETA;MOTOCICLETA HONDA NXR 160 BROS TGF-3I27
60400;MOTOCICLETA - QUADRICICLO;MOTOCICLETA;QUADRICICLO HONDA TRX 420 FM AAA-9999
60401;MOTOCICLETA - QUADRICICLO;MOTOCICLETA;QUADRICICLO HONDA TRX 420 AAA-9999
60403;MOTOCICLETA - QUADRICICLO;MOTOCICLETA;QUADRICICLO HONDA TRX 420 AAA-9999
60500;CAMINHAO - CANAVIEIRO;CAMINHAO;CAMINHAO VOLVO FMX 540 QUO-2D90
60501;CAMINHAO - CANAVIEIRO;CAMINHAO;CAMINHAO VOLVO FMX 540 QUO-2D79
60502;CAMINHAO - CANAVIEIRO;CAMINHAO;CAMINHAO VOLVO FMX 540 QUO-2D67
60503;CAMINHAO - CANAVIEIRO;CAMINHAO;CAMINHAO VOLVO FMX 540 QUO-2D34
60504;CAMINHAO - CANAVIEIRO;CAMINHAO;CAMINHAO VOLVO FMX 540 QUO-2D54
60505;CAMINHAO - CANAVIEIRO;CAMINHAO;CAMINHAO VOLVO FMX 540 QXM-3G99
60506;CAMINHAO - CANAVIEIRO;CAMINHAO;CAMINHAO VOLVO FMX 540 QXM-3H03
60507;CAMINHAO - CANAVIEIRO;CAMINHAO;CAMINHAO VOLVO FMX 540 QXR-8J90
60508;CAMINHAO - CANAVIEIRO;CAMINHAO;CAMINHAO VOLVO FMX 540 QXR-9A09
60509;CAMINHAO - CANAVIEIRO;CAMINHAO;CAMINHAO VOLVO FMX 540 QXR-9A03
60510;CAMINHAO - CANAVIEIRO;CAMINHAO;CAMINHAO VOLVO FMX 540 QXR-8J92
60511;CAMINHAO - CANAVIEIRO;CAMINHAO;CAMINHAO VOLVO FMX 540 QXR-8J95
60512;CAMINHAO - CANAVIEIRO;CAMINHAO;CAMINHAO VOLVO FMX 540 QXU-9C14
60513;CAMINHAO - CANAVIEIRO;CAMINHAO;CAMINHAO VOLVO FMX 540 QXU-9C35
60514;CAMINHAO - CANAVIEIRO;CAMINHAO;CAMINHAO VOLVO FMX 540 QXU-9C12
60515;CAMINHAO - CANAVIEIRO;CAMINHAO;CAMINHAO VOLVO FMX 540 QXU-9C33
60516;CAMINHAO - CANAVIEIRO;CAMINHAO;CAMINHAO VOLVO FMX 540 QXU-9G59
60517;CAMINHAO - CANAVIEIRO;CAMINHAO;CAMINHAO VOLVO FMX 540 PRO-6H61
60518;CAMINHAO - CANAVIEIRO;CAMINHAO;CAMINHAO VOLVO FMX 540 PRO-7C21
60519;CAMINHAO - CANAVIEIRO;CAMINHAO;CAMINHAO VOLVO FMX 540 RCL-7G42
60520;CAMINHAO - CANAVIEIRO;CAMINHAO;CAMINHAO VOLVO FMX 540 RCL-7J52
60521;CAMINHAO - PRANCHA;CAMINHAO;CAMINHAO VOLVO FMX 540 RCN-0G11
60522;CAMINHAO - CANAVIEIRO;CAMINHAO;CAMINHAO VOLVO FH 540 SHC-4F14
60523;CAMINHAO - CANAVIEIRO;CAMINHAO;CAMINHAO VOLVO FH 540 SHC-4F24
60524;CAMINHAO - PRANCHA;CAMINHAO;CAMINHAO VOLVO FM 540 SHC-4F19
60525;CAMINHAO - CANAVIEIRO;CAMINHAO;CAMINHAO VOLVO FH 540 SHC-4F16
60526;CAMINHAO - CANAVIEIRO;CAMINHAO;CAMINHAO VOLVO FH 540 SHC-9H74
60527;CAMINHAO - CANAVIEIRO;CAMINHAO;CAMINHAO VOLVO FM 540 SHC-6H57
60528;CAMINHAO - CANAVIEIRO;CAMINHAO;CAMINHAO VOLVO FM 540 SHC-9H40
60529;CAMINHAO - CANAVIEIRO;CAMINHAO;CAMINHAO VOLVO FM 540 SHC-6H51
60530;CAMINHAO - PRANCHA;CAMINHAO;CAMINHAO VOLVO FM 540 SHC-9H38
60531;CAMINHAO - CANAVIEIRO;CAMINHAO;CAMINHAO VOLVO FM 540 SHC-9H35
60532;CAMINHAO - CANAVIEIRO;CAMINHAO;CAMINHAO VOLVO FH 540 SHC-6H48
60533;CAMINHAO - CANAVIEIRO;CAMINHAO;CAMINHAO VOLVO FM 540 SHC-6H55
60534;CAMINHAO - CANAVIEIRO;CAMINHAO;CAMINHAO VOLVO FM 540 SHC-9H41
60535;CAMINHAO - CANAVIEIRO;CAMINHAO;CAMINHAO VOLVO FM 540 SHC-6H52
60536;CAMINHAO - CANAVIEIRO;CAMINHAO;CAMINHAO VOLVO FH 540 SHF-0J31
60537;CAMINHAO - CANAVIEIRO;CAMINHAO;CAMINHAO VOLVO FM 540 SYK-4C67
60538;CAMINHAO - CANAVIEIRO;CAMINHAO;CAMINHAO VOLVO FM 540 SYK-4C62
60539;CAMINHAO - CANAVIEIRO;CAMINHAO;CAMINHAO VOLVO FM 540 SYK-4C73
60540;CAMINHAO - CANAVIEIRO;CAMINHAO;CAMINHAO VOLVO FM 540 SYK-4C75
60541;CAMINHAO - CANAVIEIRO;CAMINHAO;CAMINHAO VOLVO FM 540 SYK-4C76
60542;CAMINHAO - CANAVIEIRO;CAMINHAO;CAMINHAO VOLVO FM 540 SYK-4C77
60543;CAMINHAO - CANAVIEIRO;CAMINHAO;CAMINHAO VOLVO FM 540 SYK-4C71
60544;CAMINHAO - CANAVIEIRO;CAMINHAO;CAMINHAO VOLVO FM 540 SYK-4C65
60545;CAMINHAO - CANAVIEIRO;CAMINHAO;CAMINHAO VOLVO FM 540 SYK-4C58
60546;CAMINHAO - CANAVIEIRO;CAMINHAO;CAMINHAO VOLVO FM 540 TFF-1J01
60547;CAMINHAO - CANAVIEIRO;CAMINHAO;CAMINHAO VOLVO FM 540 TGF-2E11
60548;CAMINHAO - CANAVIEIRO;CAMINHAO;CAMINHAO VOLVO FM 540 TFK-4G41
60800;CAMINHAO - BAU SUPRIMENTOS;CAMINHAO;CAMINHAO VOLVO VM 270 QXA-7193
60801;CAMINHAO - OFICINA;CAMINHAO;CAMINHAO VW 31260 NGY-9844
60802;CAMINHAO - OFICINA;CAMINHAO;CAMINHAO VW 26260 CPN-8029
60803;CAMINHAO - OFICINA;CAMINHAO;CAMINHAO VW 26260 CPN-8A19
60804;CAMINHAO - ASSISTENCIA;CAMINHAO;CAMINHAO VW 9170 QXX-3J83
60805;CAMINHAO - BAU HERBICIDA;CAMINHAO;CAMINHAO VW 8120 OET-2415
60806;CAMINHAO - PRANCHA;CAMINHAO;CAMINHAO VOLVO VM 270 RCE-8J59
60807;CAMINHAO - OFICINA;CAMINHAO;CAMINHAO FORD 2425 RCE-9F89
60808;CAMINHAO - TRANSP. TUBO;CAMINHAO;CAMINHAO MUNCK VOLVO VM 270 RCE-9C39
60809;CAMINHAO - OFICINA;CAMINHAO;CAMINHAO M.BENZ 2729 ONS-1A54
60810;CAMINHAO - OFICINA;CAMINHAO;CAMINHAO VW 11180 SCV-7E62
60811;CAMINHAO - ASSISTENCIA;CAMINHAO;CAMINHAO VW 9180 SBG-5G41
60812;CAMINHAO - ASSISTENCIA;CAMINHAO;CAMINHAO VW 9180 SBG-0I41
60813;CAMINHAO - ASSISTENCIA;CAMINHAO;CAMINHAO VW 9180 SAR-6E81
60814;CAMINHAO - ASSISTENCIA;CAMINHAO;CAMINHAO VW 9180 RII-0G62
60815;CAMINHAO - BORRACHARIA;CAMINHAO;CAMINHAO MUNCK VW 13180 OAF-0H08
60816;CAMINHAO - BAU SUPRIMENTOS;CAMINHAO;CAMINHAO VOLVO FH 540 TDG-5B90
60817;CAMINHAO - ASSISTENCIA;CAMINHAO;CAMINHAO VW 15190 PCG-8H55
60818;CAMINHAO - ASSISTENCIA;CAMINHAO;CAMINHAO VW 15190 GDF-9G83
60819;CAMINHAO - ASSISTENCIA;CAMINHAO;CAMINHAO VW 15190 QAM-3G38
60820;CAMINHAO - ASSISTENCIA;CAMINHAO;CAMINHAO VW 15190 QAH-2F18
60900;CAMINHAO - BOMBEIRO;CAMINHAO;CAMINHAO M.BENZ ATRON 2428 GZS-9055
60901;CAMINHAO - BOMBEIRO;CAMINHAO;CAMINHAO VOLVO FH 520 NLG-0093
60902;CAMINHAO - BOMBEIRO;CAMINHAO;CAMINHAO VOLVO FH 520 NLG-0C33
60903;CAMINHAO - BOMBEIRO;CAMINHAO;CAMINHAO VOLVO FH 520 NLG-0A43
60904;CAMINHAO - BOMBEIRO;CAMINHAO;CAMINHAO VOLVO FH 520 NWG-0033
60905;CAMINHAO - BOMBEIRO;CAMINHAO;CAMINHAO VOLVO VM 290 TFA-0F47
60906;CAMINHAO - BOMBEIRO;CAMINHAO;CAMINHAO VOLVO VM 270 QXX-5B99
60907;CAMINHAO - BOMBEIRO;CAMINHAO;CAMINHAO VOLVO VM 270 QXX-4A16
60908;CAMINHAO - BOMBEIRO;CAMINHAO;CAMINHAO VOLVO VM 270 RCC-7F11
60909;CAMINHAO - BOMBEIRO;CAMINHAO;CAMINHAO VOLVO VM 270 RCC-7F21
60910;CAMINHAO - BOMBEIRO;CAMINHAO;CAMINHAO VOLVO VM 270 RCK-3I11
60911;CAMINHAO - BOMBEIRO;CAMINHAO;CAMINHAO VOLKSWAGEN 26260 AVM-5521
60912;CAMINHAO - BOMBEIRO;CAMINHAO;CAMINHAO VOLVO VM 270 SHJ-5F28
60913;CAMINHAO - BOMBEIRO;CAMINHAO;CAMINHAO VOLVO VM 270 SHJ-5F27
60914;CAMINHAO - BOMBEIRO;CAMINHAO;CAMINHAO VOLVO VM 270 SHJ-5F26
60915;CAMINHAO - BOMBEIRO;CAMINHAO;CAMINHAO VOLVO VM 270 SHJ-5F25
60916;CAMINHAO - BOMBEIRO;CAMINHAO;CAMINHAO VOLVO VM 290 SYW-5J48
60917;CAMINHAO - BOMBEIRO;CAMINHAO;CAMINHAO VOLVO VM 270 RCE-9F89
61002;CAMINHAO - BORRACHARIA;CAMINHAO;CAMINHAO MUNCK VW 11180 SCW-8C62
61003;CAMINHAO - MUNCK;CAMINHAO;CAMINHAO MUNCK VOLVO VM 270 SDE-6J47
61050;CAMINHAO - TRANSP. TUBO;CAMINHAO;CAMINHAO VOLVO VM 290 OPP-1I86
61149;CAMINHAO - COMBOIO;CAMINHAO;CAMINHAO VOLVO VM 270 RCE-9A39
61150;CAMINHAO - COMBOIO;CAMINHAO;CAMINHAO VOLVO VM 270 SHJ-5F62
61151;CAMINHAO - COMBOIO;CAMINHAO;CAMINHAO VOLVO VM 270 QXH-9350
61152;CAMINHAO - COMBOIO;CAMINHAO;CAMINHAO VOLVO VM 270 RCG-2J33
61153;CAMINHAO - COMBOIO;CAMINHAO;CAMINHAO VOLVO VM 290 TEL-4A06
61250;CAMINHAO - CACAMBA;CAMINHAO;CAMINHAO VOLVO VM 330 QXH-9D44
61251;CAMINHAO - CACAMBA;CAMINHAO;CAMINHAO VOLVO VM 330 QXH-9D56
61252;CAMINHAO - CACAMBA;CAMINHAO;CAMINHAO VOLVO VM 330 QXX-3J86
61253;CAMINHAO - CACAMBA;CAMINHAO;CAMINHAO VOLVO VM 360 TEC-2C38
61254;CAMINHAO - CACAMBA;CAMINHAO;CAMINHAO VOLVO VM 360 TEC-2C75
62001;CARREGADEIRA - AGRICOLA;CARREGADEIRA;CARREGADEIRA VALTRA BM100
62002;CARREGADEIRA - AGRICOLA;CARREGADEIRA;CARREGADEIRA VALTRA BM100
62200;TRATOR - TRANSBORDO;TRATOR;TRATOR JOHN DEERE 6190J
62201;TRATOR - AGRICOLA;TRATOR;TRATOR MASSEY FERGUSON 265
62202;TRATOR - TRANSBORDO;TRATOR;TRATOR VALTRA BH 224
62203;TRATOR - TRANSBORDO;TRATOR;TRATOR JOHN DEERE 6190J
62204;TRATOR - TRANSBORDO;TRATOR;TRATOR JOHN DEERE 7230J
62205;TRATOR - AGRICOLA;TRATOR;TRATOR JOHN DEERE 5090E
62206;TRATOR - AGRICOLA;TRATOR;TRATOR JOHN DEERE 5090E
62207;TRATOR - AGRICOLA;TRATOR;TRATOR JOHN DEERE 5090E
62208;TRATOR - AGRICOLA;TRATOR;TRATOR JOHN DEERE 5080E
62209;TRATOR - AGRICOLA;TRATOR;TRATOR JOHN DEERE 5080E
62210;TRATOR - AGRICOLA;TRATOR;TRATOR JOHN DEERE 5080E
62211;TRATOR - AGRICOLA;TRATOR;TRATOR VALTRA A950
62212;TRATOR - AGRICOLA;TRATOR;TRATOR VALTRA A950
62213;TRATOR - AGRICOLA;TRATOR;TRATOR VALTRA A950
62214;TRATOR - AGRICOLA;TRATOR;TRATOR VALTRA A950
62215;TRATOR - TRANSBORDO;TRATOR;TRATOR JOHN DEERE 6190J
62216;TRATOR - AGRICOLA;TRATOR;TRATOR JOHN DEERE 5090E
62217;TRATOR - TRANSBORDO;TRATOR;TRATOR JOHN DEERE 6190J
62218;TRATOR - TRANSBORDO;TRATOR;TRATOR JOHN DEERE 7230J
62219;TRATOR - AGRICOLA;TRATOR;TRATOR JOHN DEERE 7230J
62220;TRATOR - TRANSBORDO;TRATOR;TRATOR JOHN DEERE 6190J
62221;TRATOR - AGRICOLA;TRATOR;TRATOR JOHN DEERE 5090E
62222;TRATOR - TRANSBORDO;TRATOR;TRATOR JOHN DEERE 6190J
62223;TRATOR - AGRICOLA;TRATOR;TRATOR JOHN DEERE 5090E
62224;TRATOR - AGRICOLA;TRATOR;TRATOR JOHN DEERE 5090E
62225;TRATOR - AGRICOLA;TRATOR;TRATOR JOHN DEERE 5090E
62226;TRATOR - AGRICOLA;TRATOR;TRATOR JOHN DEERE 5090E
62227;TRATOR - TRANSBORDO;TRATOR;TRATOR JOHN DEERE 7230J
62228;TRATOR - TRANSBORDO;TRATOR;TRATOR JOHN DEERE 7230J
62229;TRATOR - TRANSBORDO;TRATOR;TRATOR JOHN DEERE 7230J
62230;TRATOR - TRANSBORDO;TRATOR;TRATOR VALTRA BH 224
62231;TRATOR - TRANSBORDO;TRATOR;TRATOR VALTRA BH 224
62232;TRATOR - TRANSBORDO;TRATOR;TRATOR JOHN DEERE 7230J
62233;TRATOR - TRANSBORDO;TRATOR;TRATOR JOHN DEERE 7230J
62234;TRATOR - TRANSBORDO;TRATOR;TRATOR JOHN DEERE 7230J
62235;TRATOR - TRANSBORDO;TRATOR;TRATOR JOHN DEERE 7230J
62236;TRATOR - TRANSBORDO;TRATOR;TRATOR JOHN DEERE 7230J
62237;TRATOR - TRANSBORDO;TRATOR;TRATOR JOHN DEERE 7230J
62238;TRATOR - TRANSBORDO;TRATOR;TRATOR JOHN DEERE 7230J
62239;TRATOR - TRANSBORDO;TRATOR;TRATOR JOHN DEERE 6190J
62240;TRATOR - TRANSBORDO;TRATOR;TRATOR JOHN DEERE 7230J
62241;TRATOR - TRANSBORDO;TRATOR;TRATOR JOHN DEERE 7230J
62242;TRATOR - TRANSBORDO;TRATOR;TRATOR JOHN DEERE 7230J
62243;TRATOR - TRANSBORDO;TRATOR;TRATOR JOHN DEERE 7230J
62244;TRATOR - TRANSBORDO;TRATOR;TRATOR JOHN DEERE 7230J
62245;TRATOR - TRANSBORDO;TRATOR;TRATOR JOHN DEERE 7230J
62246;TRATOR - TRANSBORDO;TRATOR;TRATOR JOHN DEERE 7230J
62247;TRATOR - TRANSBORDO;TRATOR;TRATOR JOHN DEERE 7230J
62248;TRATOR - TRANSBORDO;TRATOR;TRATOR JOHN DEERE 7230J
62249;TRATOR - TRANSBORDO;TRATOR;TRATOR JOHN DEERE 7230J
62250;TRATOR - TRANSBORDO;TRATOR;TRATOR JOHN DEERE 6190J
62251;TRATOR - AGRICOLA;TRATOR;TRATOR JOHN DEERE 5090E
62252;TRATOR - TRANSBORDO;TRATOR;TRATOR JOHN DEERE 7230J
62253;TRATOR - TRANSBORDO;TRATOR;TRATOR JOHN DEERE 6190J
62254;TRATOR - TRANSBORDO;TRATOR;TRATOR JOHN DEERE 6190J
62255;TRATOR - AGRICOLA;TRATOR;TRATOR MASSEY FERGUSON 265
62256;TRATOR - TRANSBORDO;TRATOR;TRATOR JOHN DEERE 6190J
62257;TRATOR - TRANSBORDO;TRATOR;TRATOR JOHN DEERE 6190J
62258;TRATOR - AGRICOLA;TRATOR;TRATOR JOHN DEERE 5090E
62259;TRATOR - TRANSBORDO;TRATOR;TRATOR JOHN DEERE 6190J
62260;TRATOR - TRANSBORDO;TRATOR;TRATOR JOHN DEERE 6190J
62261;TRATOR - AGRICOLA;TRATOR;TRATOR JOHN DEERE 5090E
62262;TRATOR - AGRICOLA;TRATOR;TRATOR VALTRA BH 194
62263;TRATOR - AGRICOLA;TRATOR;TRATOR JOHN DEERE 7M230
62264;TRATOR - AGRICOLA;TRATOR;TRATOR JOHN DEERE 7M230
62265;TRATOR - AGRICOLA;TRATOR;TRATOR JOHN DEERE 7M230
62266;TRATOR - AGRICOLA;TRATOR;TRATOR JOHN DEERE 7M230
62267;TRATOR - AGRICOLA;TRATOR;TRATOR JOHN DEERE 5090E
62268;TRATOR - AGRICOLA;TRATOR;TRATOR JOHN DEERE 5090E
62269;TRATOR - AGRICOLA;TRATOR;TRATOR JOHN DEERE 5090E
62270;TRATOR - AGRICOLA;TRATOR;TRATOR JOHN DEERE 5090E
62271;TRATOR - TRANSBORDO;TRATOR;TRATOR VALTRA BH224
62272;TRATOR - TRANSBORDO;TRATOR;TRATOR VALTRA BH 224
62273;TRATOR - TRANSBORDO;TRATOR;TRATOR JOHN DEERE 7M230
62274;TRATOR - TRANSBORDO;TRATOR;TRATOR JOHN DEERE 7M230
62275;TRATOR - TRANSBORDO;TRATOR;TRATOR JOHN DEERE 7M230
62276;TRATOR - TRANSBORDO;TRATOR;TRATOR JOHN DEERE 7M230
62277;TRATOR - TRANSBORDO;TRATOR;TRATOR JOHN DEERE 7M230
62278;TRATOR - TRANSBORDO;TRATOR;TRATOR JOHN DEERE 7M230
62279;TRATOR - TRANSBORDO;TRATOR;TRATOR JOHN DEERE 7M230
62280;TRATOR - TRANSBORDO;TRATOR;TRATOR JOHN DEERE 6190J
62281;TRATOR - TRANSBORDO;TRATOR;TRATOR JOHN DEERE 6190J
62282;TRATOR - TRANSBORDO;TRATOR;TRATOR JOHN DEERE 6190J
62283;TRATOR - TRANSBORDO;TRATOR;TRATOR JOHN DEERE 6190J
62284;TRATOR - TRANSBORDO;TRATOR;TRATOR JOHN DEERE 7M230
62500;COLHEDORA - CANA;COLHEDORA;COLHEDORA JOHN DEERE CH570
62502;COLHEDORA - CANA;COLHEDORA;COLHEDORA JOHN DEERE CH570
62503;COLHEDORA - CANA;COLHEDORA;COLHEDORA JOHN DEERE CH570
62504;COLHEDORA - CANA;COLHEDORA;COLHEDORA JOHN DEERE CH570
62505;COLHEDORA - CANA;COLHEDORA;COLHEDORA JOHN DEERE CH570
62506;COLHEDORA - CANA;COLHEDORA;COLHEDORA JOHN DEERE CH570
62507;COLHEDORA - CANA;COLHEDORA;COLHEDORA JOHN DEERE CH570
62508;COLHEDORA - CANA;COLHEDORA;COLHEDORA JOHN DEERE CH570
62509;COLHEDORA - CANA;COLHEDORA;COLHEDORA JOHN DEERE CH570
62510;COLHEDORA - CANA;COLHEDORA;COLHEDORA JOHN DEERE CH570
62511;COLHEDORA - CANA;COLHEDORA;COLHEDORA JOHN DEERE CH570
62512;COLHEDORA - CANA;COLHEDORA;COLHEDORA JOHN DEERE CH570
62513;COLHEDORA - CANA;COLHEDORA;COLHEDORA JOHN DEERE CH570
62514;COLHEDORA - CANA;COLHEDORA;COLHEDORA JOHN DEERE CH570
62515;COLHEDORA - CANA;COLHEDORA;COLHEDORA JOHN DEERE CH570
62516;COLHEDORA - CANA;COLHEDORA;COLHEDORA JOHN DEERE CH570
62517;COLHEDORA - CANA;COLHEDORA;COLHEDORA JOHN DEERE CH570
62518;COLHEDORA - CANA;COLHEDORA;COLHEDORA JOHN DEERE CH570
62519;COLHEDORA - CANA;COLHEDORA;COLHEDORA JOHN DEERE CH570
62520;COLHEDORA - CANA;COLHEDORA;COLHEDORA JOHN DEERE CH570
62521;COLHEDORA - CANA;COLHEDORA;COLHEDORA JOHN DEERE CH570
62522;COLHEDORA - CANA;COLHEDORA;COLHEDORA JOHN DEERE CH570
62523;COLHEDORA - CANA;COLHEDORA;COLHEDORA JOHN DEERE CH570
62524;COLHEDORA - CANA;COLHEDORA;COLHEDORA JOHN DEERE CH570
62525;COLHEDORA - CANA;COLHEDORA;COLHEDORA JOHN DEERE CH570
62526;COLHEDORA - CANA;COLHEDORA;COLHEDORA JOHN DEERE CH570
62527;COLHEDORA - CANA;COLHEDORA;COLHEDORA JOHN DEERE CH570
62528;COLHEDORA - CANA;COLHEDORA;COLHEDORA JOHN DEERE CH570
62529;COLHEDORA - CANA;COLHEDORA;COLHEDORA JOHN DEERE CH570
62700;MAQUINA - UNIPORT;MAQUINA;TRATOR UNIPORT VALTRA BS3330H
63000;REBOQUE - CANAVIEIRO;REBOQUE;SEMI REBOQUE SANTA IZABEL CA QXT-8F53
63001;REBOQUE - CANAVIEIRO;REBOQUE;SEMI REBOQUE SANTA IZABEL CA QXR-8J81
63002;REBOQUE - CANAVIEIRO;REBOQUE;SEMI REBOQUE SANTA IZABEL CA QXR-9B09
63003;REBOQUE - CANAVIEIRO;REBOQUE;SEMI REBOQUE SANTA IZABEL CA QXR-9A26
63004;REBOQUE - CANAVIEIRO;REBOQUE;SEMI REBOQUE SANTA IZABEL CA QXR-8J87
63005;REBOQUE - CANAVIEIRO;REBOQUE;SEMI REBOQUE SANTA IZABEL CA QXR-9A31
63006;REBOQUE - CANAVIEIRO;REBOQUE;SEMI REBOQUE SANTA IZABEL CA QXR-8J39
63007;REBOQUE - CANAVIEIRO;REBOQUE;SEMI REBOQUE SANTA IZABEL CA QXR-9A20
63008;REBOQUE - CANAVIEIRO;REBOQUE;SEMI REBOQUE SANTA IZABEL CA QXR-9A35
63009;REBOQUE - CANAVIEIRO;REBOQUE;REBOQUE SANTA IZABEL CA QXT-8F38
63010;REBOQUE - CANAVIEIRO;REBOQUE;REBOQUE SANTA IZABEL CA QXR-8J85
63011;REBOQUE - CANAVIEIRO;REBOQUE;REBOQUE SANTA IZABEL CA QXR-9B14
63012;REBOQUE - CANAVIEIRO;REBOQUE;REBOQUE SANTA IZABEL CA QRX-9A22
63013;REBOQUE - CANAVIEIRO;REBOQUE;REBOQUE SANTA IZABEL CA QXR-8J40
63014;REBOQUE - CANAVIEIRO;REBOQUE;REBOQUE SANTA IZABEL CA QXR-9A69
63015;REBOQUE - CANAVIEIRO;REBOQUE;REBOQUE SANTA IZABEL CA QXR-9A13
63016;REBOQUE - CANAVIEIRO;REBOQUE;REBOQUE SANTA IZABEL CA QXR-9B23
63017;REBOQUE - CANAVIEIRO;REBOQUE;REBOQUE SANTA IZABEL CA QXR-9B02
63018;REBOQUE - CANAVIEIRO;REBOQUE;REBOQUE SANTA IZABEL CA QXT-8F20
63019;REBOQUE - CANAVIEIRO;REBOQUE;SEMI REBOQUE SANTA IZABEL CA QXT-8E20
63020;REBOQUE - CANAVIEIRO;REBOQUE;REBOQUE SANTA IZABEL CA QXT-8D71
63021;REBOQUE - CANAVIEIRO;REBOQUE;SEMI REBOQUE SANTA IZABEL CA QXT-8F50
63022;REBOQUE - CANAVIEIRO;REBOQUE;REBOQUE SANTA IZABEL CA QXT-8E17
63023;REBOQUE - CANAVIEIRO;REBOQUE;SEMI REBOQUE SANTA IZABEL CA QXT-8E76
63024;REBOQUE - CANAVIEIRO;REBOQUE;REBOQUE SANTA IZABEL CA QXT-8D73
63025;REBOQUE - CANAVIEIRO;REBOQUE;REBOQUE SANTA IZABEL CA QXT-8D82
63026;REBOQUE - CANAVIEIRO;REBOQUE;REBOQUE SANTA IZABEL CA QXT-8D89
63027;REBOQUE - CANAVIEIRO;REBOQUE;REBOQUE SANTA IZABEL CA QXT-8D78
63028;REBOQUE - CANAVIEIRO;REBOQUE;REBOQUE SANTA IZABEL CA QXT-8C54
63029;REBOQUE - CANAVIEIRO;REBOQUE;REBOQUE SANTA IZABEL CA QXT-8C69
63030;REBOQUE - CANAVIEIRO;REBOQUE;REBOQUE SANTA IZABEL CA QXT-8C61
63031;REBOQUE - CANAVIEIRO;REBOQUE;SEMI REBOQUE SANTA IZABEL CA QXT-8F62
63032;REBOQUE - CANAVIEIRO;REBOQUE;SEMI REBOQUE SANTA IZABEL CA QXT-8F65
63033;REBOQUE - CANAVIEIRO;REBOQUE;SEMI REBOQUE SANTA IZABEL CA QXT-8F03
63034;REBOQUE - CANAVIEIRO;REBOQUE;SEMI REBOQUE SANTA IZABEL CA QXT-8E36
63035;REBOQUE - CANAVIEIRO;REBOQUE;SEMI REBOQUE SANTA IZABEL CA QXT-8F42
63036;REBOQUE - CANAVIEIRO;REBOQUE;SEMI REBOQUE SANTA IZABEL CA QXT-8E25
63037;REBOQUE - CANAVIEIRO;REBOQUE;SEMI REBOQUE SANTA IZABEL CA QXT-8E60
63038;REBOQUE - CANAVIEIRO;REBOQUE;SEMI REBOQUE SANTA IZABEL CA QXU-9C16
63039;REBOQUE - CANAVIEIRO;REBOQUE;SEMI REBOQUE SANTA IZABEL CA QXU-9C23
63040;REBOQUE - CANAVIEIRO;REBOQUE;REBOQUE SANTA IZABEL CA QXU-9C28
63041;REBOQUE - CANAVIEIRO;REBOQUE;REBOQUE SANTA IZABEL CA QXU-9C25
63042;REBOQUE - CANAVIEIRO;REBOQUE;REBOQUE SANTA IZABEL CA QXX-3J62
63043;REBOQUE - CANAVIEIRO;REBOQUE;SEMI REBOQUE SANTA IZABEL CA QXX-3J80
63044;REBOQUE - CANAVIEIRO;REBOQUE;REBOQUE SANTA IZABEL CA QXX-3J64
63045;REBOQUE - CANAVIEIRO;REBOQUE;SEMI REBOQUE SANTA IZABEL CA QXX-3J82
63046;REBOQUE - CANAVIEIRO;REBOQUE;REBOQUE SANTA IZABEL CA QXX-3J73
63047;REBOQUE - CANAVIEIRO;REBOQUE;REBOQUE SANTA IZABEL CA QXX-3J74
63048;REBOQUE - CANAVIEIRO;REBOQUE;REBOQUE SANTA IZABEL CA QXX-3J75
63049;REBOQUE - CANAVIEIRO;REBOQUE;SEMI REBOQUE SANTA IZABEL CA QXX-3J79
63050;REBOQUE - CANAVIEIRO;REBOQUE;SEMI REBOQUE SANTA IZABEL CA QXX-3J78
63051;REBOQUE - CANAVIEIRO;REBOQUE;REBOQUE SANTA IZABEL CA QXX-3J76
63052;REBOQUE - CANAVIEIRO;REBOQUE;SEMI REBOQUE SANTA IZABEL CA QXX-3J77
63053;REBOQUE - CANAVIEIRO;REBOQUE;SEMI REBOQUE SANTA IZABEL CA QXX-3J81
63054;REBOQUE - CANAVIEIRO;REBOQUE;REBOQUE SANTA IZABEL CA QXX-4A34
63055;REBOQUE - CANAVIEIRO;REBOQUE;REBOQUE SANTA IZABEL CA QXX-4A37
63056;REBOQUE - CANAVIEIRO;REBOQUE;REBOQUE SANTA IZABEL CA QXX-4A29
63057;REBOQUE - CANAVIEIRO;REBOQUE;SEMI REBOQUE SANTA IZABEL CA QXX-4A26
63058;REBOQUE - CANAVIEIRO;REBOQUE;SEMI REBOQUE SANTA IZABEL CA QXX-4A25
63059;REBOQUE - CANAVIEIRO;REBOQUE;SEMI REBOQUE SANTA IZABEL CA QXX-4A27
63060;REBOQUE - CANAVIEIRO;REBOQUE;REBOQUE RANDON RQ CP HI 0551 TCF-4E77
63061;REBOQUE - CANAVIEIRO;REBOQUE;REBOQUE RANDON RQ CP HI 0551 TCF-4G85
63063;REBOQUE - CANAVIEIRO;REBOQUE;SEMI REBOQUE RANDON SR CP SHU-7F98
63064;REBOQUE - CANAVIEIRO;REBOQUE;REBOQUE RANDON RQ CP SHU-6I46
63065;REBOQUE - CANAVIEIRO;REBOQUE;SEMI REBOQUE RANDON SR CP SHU-7G01
63066;REBOQUE - CANAVIEIRO;REBOQUE;REBOQUE RANDON RQ CP SHU-6I64
63067;REBOQUE - CANAVIEIRO;REBOQUE;SEMI REBOQUE RANDON SR CP SHV-0J95
63068;REBOQUE - CANAVIEIRO;REBOQUE;REBOQUE RANDON RQ CP SHU-7G03
63069;REBOQUE - CANAVIEIRO;REBOQUE;SEMI REBOQUE RANDON SR CP SHU-7F96
63070;REBOQUE - CANAVIEIRO;REBOQUE;REBOQUE RANDON RQ CP SHV-1A33
63071;REBOQUE - CANAVIEIRO;REBOQUE;SEMI REBOQUE RANDON SR CP SHV-3H58
63072;REBOQUE - CANAVIEIRO;REBOQUE;REBOQUE RANDON RQ CP SHW-1G82
63073;REBOQUE - CANAVIEIRO;REBOQUE;SEMI REBOQUE RANDON SR CP SHW-1G72
63074;REBOQUE - CANAVIEIRO;REBOQUE;REBOQUE RANDON RQ CP SHV-3H32
63075;REBOQUE - CANAVIEIRO;REBOQUE;SEMI REBOQUE RANDON SR CP SHW-1I54
63076;REBOQUE - CANAVIEIRO;REBOQUE;REBOQUE RANDON RQ CP SHW-1H64
63077;REBOQUE - CANAVIEIRO;REBOQUE;SEMI REBOQUE RANDON SR CP 0341 SHW-9E84
63078;REBOQUE - CANAVIEIRO;REBOQUE;REBOQUE RANDON RQ CP HI 0551 SHW-9E72
63079;REBOQUE - CANAVIEIRO;REBOQUE;SEMI REBOQUE RANDON SR CP 0341 SHW-7F05
63080;REBOQUE - CANAVIEIRO;REBOQUE;REBOQUE RANDON RQ CP HI 0551 SHW-7F25
63081;REBOQUE - CANAVIEIRO;REBOQUE;SEMI REBOQUE RANDON SR CP 0341 SHW-7F10
63082;REBOQUE - CANAVIEIRO;REBOQUE;REBOQUE RANDON RQ CP HI 0551 SHW-7F26
63083;REBOQUE - CANAVIEIRO;REBOQUE;SEMI REBOQUE RANDON SR CP 0341 SHX-3A28
63084;REBOQUE - CANAVIEIRO;REBOQUE;REBOQUE RANDON RQ CP HI 0551 SHX-3A29
63085;REBOQUE - CANAVIEIRO;REBOQUE;SEMI REBOQUE RANDON SR CP 0341 SHY-4J52
63086;REBOQUE - CANAVIEIRO;REBOQUE;REBOQUE RANDON RQ CP HI 0551 SHY-4J36
63087;REBOQUE - CANAVIEIRO;REBOQUE;REBOQUE FACCHINI RF 4TC SIH-2G49
63088;REBOQUE - CANAVIEIRO;REBOQUE;REBOQUE FACCHINI RF 4TC SIH-2G21
63089;REBOQUE - CANAVIEIRO;REBOQUE;REBOQUE FACCHINI RF 4TC SIH-2G45
63090;REBOQUE - CANAVIEIRO;REBOQUE;REBOQUE FACCHINI RF 4TC SIH-2H00
63091;REBOQUE - CANAVIEIRO;REBOQUE;SEMI REBOQUE FACCHINI SRF 2TC SIH-2G97
63092;REBOQUE - CANAVIEIRO;REBOQUE;SEMI REBOQUE FACCHINI SRF 2TC SIF-1B78
63093;REBOQUE - CANAVIEIRO;REBOQUE;SEMI REBOQUE FACCHINI SRF 2TC SIH-2G67
63094;REBOQUE - CANAVIEIRO;REBOQUE;SEMI REBOQUE FACCHINI SRF 2TC SIH-2G86
63095;REBOQUE - CANAVIEIRO;REBOQUE;SEMI REBOQUE FACCHINI SRF 2TC SIG-1F15
63096;REBOQUE - CANAVIEIRO;REBOQUE;REBOQUE FACCHINI RF 4TC SIF-1C26
63097;REBOQUE - CANAVIEIRO;REBOQUE;SEMI REBOQUE RANDON SR CP 0341 SYW-5I44
63098;REBOQUE - CANAVIEIRO;REBOQUE;REBOQUE RANDON RQ CP HI 0551 SYW-5I69
63099;REBOQUE - CANAVIEIRO;REBOQUE;SEMI REBOQUE RANDON SR CP 0341 SYW-5I99
63100;REBOQUE - CANAVIEIRO;REBOQUE;REBOQUE RANDON RQ CP HI 0551 SYW-5I96
63101;REBOQUE - CANAVIEIRO;REBOQUE;SEMI REBOQUE RANDON SR CP 0341 SYW-5J18
63102;REBOQUE - CANAVIEIRO;REBOQUE;REBOQUE RANDON RQ CP HI 0551 SYW-5J25
63103;REBOQUE - CANAVIEIRO;REBOQUE;SEMI REBOQUE RANDON SR CP 0341 SYY-8H01
63104;REBOQUE - CANAVIEIRO;REBOQUE;REBOQUE RANDON RQ CP HI 0551 SYY-8G96
63106;REBOQUE - CANAVIEIRO;REBOQUE;REBOQUE RANDON RQ CP HI 0551 TCG-8I03
63107;REBOQUE - CANAVIEIRO;REBOQUE;SEMI REBOQUE RANDON SR CP 0341 TCC-6G54
63108;REBOQUE - CANAVIEIRO;REBOQUE;REBOQUE RANDON RQ CP HI 0551 TCC-6G50
63110;REBOQUE - CANAVIEIRO;REBOQUE;SEMI REBOQUE RANDON SR CP 0341 TCG-8I01
63113;REBOQUE - CANAVIEIRO;REBOQUE;REBOQUE RANDON RQ CP HI 0551 TCF-4F52
63114;REBOQUE - CANAVIEIRO;REBOQUE;REBOQUE RANDON RQ CP HI 0551 TCF-8I53
63115;REBOQUE - CANAVIEIRO;REBOQUE;SEMI REBOQUE RANDON SR CP 0341 TCF-4F39
63116;REBOQUE - CANAVIEIRO;REBOQUE;SEMI REBOQUE RANDON SR CP 0341 TCF-4F43
63117;REBOQUE - CANAVIEIRO;REBOQUE;SEMI REBOQUE RANDON SR CP 0341 TCF-4E83
63118;REBOQUE - CANAVIEIRO;REBOQUE;SEMI REBOQUE RANDON SR CP 0341 TCF-8I54
63119;REBOQUE - CANAVIEIRO;REBOQUE;REBOQUE RANDON RQ CP HI 0551 TCG-1J41
63120;REBOQUE - CANAVIEIRO;REBOQUE;SEMI REBOQUE RANDON SR CP 0341 TCG-1J43
63121;REBOQUE - CANAVIEIRO;REBOQUE;REBOQUE RANDON RQ CP HI 0551 TCG-1J46
63122;REBOQUE - CANAVIEIRO;REBOQUE;SEMI REBOQUE RANDON SR CP 0341 TCG-1J44
63123;REBOQUE - CANAVIEIRO;REBOQUE;SEMI REBOQUE RODOFORT HDB-6615
63124;REBOQUE - CANAVIEIRO;REBOQUE;REBOQUE RODOFORT HDB-6627
63125;REBOQUE - CANAVIEIRO;REBOQUE;SEMI REBOQUE RODOFORT HDB-6616
63126;REBOQUE - CANAVIEIRO;REBOQUE;REBOQUE RODOFORT HDB-6632
63127;REBOQUE - CANAVIEIRO;REBOQUE;SEMI REBOQUE SERGOMEL QXY-9D15
63128;REBOQUE - CANAVIEIRO;REBOQUE;REBOQUE SERGOMEL BED-0F87
63129;REBOQUE - CANAVIEIRO;REBOQUE;SEMI REBOQUE SERGOMEL QXY-9D34
63130;REBOQUE - CANAVIEIRO;REBOQUE;REBOQUE SERGOMEL QXY-9E68
63131;REBOQUE - CANAVIEIRO;REBOQUE;REBOQUE SERGOMEL BEA-4J79
63132;REBOQUE - CANAVIEIRO;REBOQUE;SEMI REBOQUE SERGOMEL BDZ-9F91
63134;REBOQUE - CANAVIEIRO;REBOQUE;REBOQUE SERGOMEL BEA-4J24
63135;REBOQUE - CANAVIEIRO;REBOQUE;SEMI REBOQUE SERGOMEL BDZ-9F97
63300;REBOQUE - TRANSBORDO;REBOQUE;REBOQUE TRANSBORDO FBL-2H42
63301;REBOQUE - TRANSBORDO;REBOQUE;REBOQUE TRANSBORDO FBL-2H41
63302;REBOQUE - TRANSBORDO;REBOQUE;REBOQUE TRANSBORDO FBL-2H51
63303;REBOQUE - TRANSBORDO;REBOQUE;REBOQUE TRANSBORDO RODOFORT HBD-6C86
63304;REBOQUE - TRANSBORDO;REBOQUE;REBOQUE TRANSBORDO ANTONIOSI ATA 10500
63305;REBOQUE - TRANSBORDO;REBOQUE;REBOQUE TRANSBORDO RODOFORT HDB-6C53
63306;REBOQUE - TRANSBORDO;REBOQUE;REBOQUE TRANSBORDO FBL-2H46
63307;REBOQUE - TRANSBORDO;REBOQUE;REBOQUE TRANSBORDO FBL-2H45
63308;REBOQUE - TRANSBORDO;REBOQUE;REBOQUE TRANSBORDO ANTONIOSI ATA 10500
63309;REBOQUE - TRANSBORDO;REBOQUE;REBOQUE TRANSBORDO ANTONIOSI ATA 10500
63310;REBOQUE - TRANSBORDO;REBOQUE;REBOQUE TRANSBORDO ANTONIOSI ATA 10500
63311;REBOQUE - TRANSBORDO;REBOQUE;REBOQUE TRANSBORDO ANTONIOSI ATA 10500
63312;REBOQUE - TRANSBORDO;REBOQUE;REBOQUE TRANSBORDO ANTONIOSI ATA 10500
63313;REBOQUE - TRANSBORDO;REBOQUE;REBOQUE TRANSBORDO ANTONIOSI ATA 10500
63314;REBOQUE - TRANSBORDO;REBOQUE;REBOQUE TRANSBORDO ANTONIOSI ATA 10500
63315;REBOQUE - TRANSBORDO;REBOQUE;REBOQUE TRANSBORDO ANTONIOSI ATA 10500
63316;REBOQUE - TRANSBORDO;REBOQUE;REBOQUE TRANSBORDO ANTONIOSI ATA 10500
63317;REBOQUE - TRANSBORDO;REBOQUE;REBOQUE TRANSBORDO ANTONIOSI ATA 10500
63318;REBOQUE - TRANSBORDO;REBOQUE;REBOQUE TRANSBORDO ANTONIOSI ATA 10500
63319;REBOQUE - TRANSBORDO;REBOQUE;REBOQUE TRANSBORDO ANTONIOSI ATA 10500
63320;REBOQUE - TRANSBORDO;REBOQUE;REBOQUE TRANSBORDO ANTONIOSI ATA 10500
63321;REBOQUE - TRANSBORDO;REBOQUE;REBOQUE TRANSBORDO ANTONIOSI ATA 10500
63322;REBOQUE - TRANSBORDO;REBOQUE;REBOQUE TRANSBORDO ANTONIOSI ATA 10500
63323;REBOQUE - TRANSBORDO;REBOQUE;REBOQUE TRANSBORDO ANTONIOSI ATA 10500
63324;REBOQUE - TRANSBORDO;REBOQUE;REBOQUE TRANSBORDO ANTONIOSI ATA 10500
63325;REBOQUE - TRANSBORDO;REBOQUE;REBOQUE TRANSBORDO ANTONIOSI ATA 10500
63326;REBOQUE - TRANSBORDO;REBOQUE;REBOQUE TRANSBORDO ANTONIOSI ATA 10500
63327;REBOQUE - TRANSBORDO;REBOQUE;REBOQUE TRANSBORDO ANTONIOSI ATA 10500
63328;REBOQUE - TRANSBORDO;REBOQUE;REBOQUE TRANSBORDO ANTONIOSI ATA 10500
63329;REBOQUE - TRANSBORDO;REBOQUE;REBOQUE TRANSBORDO ANTONIOSI ATA 10500
63330;REBOQUE - TRANSBORDO;REBOQUE;REBOQUE TRANSBORDO ANTONIOSI ATA 10500
63331;REBOQUE - TRANSBORDO;REBOQUE;REBOQUE TRANSBORDO ANTONIOSI ATA 10500
63332;REBOQUE - TRANSBORDO;REBOQUE;REBOQUE TRANSBORDO ANTONIOSI ATA 10500
63333;REBOQUE - TRANSBORDO;REBOQUE;REBOQUE TRANSBORDO ANTONIOSI ATA 10500
63334;REBOQUE - TRANSBORDO;REBOQUE;REBOQUE TRANSBORDO ANTONIOSI ATA 10500
63335;REBOQUE - TRANSBORDO;REBOQUE;REBOQUE TRANSBORDO ANTONIOSI ATA 10500
63336;REBOQUE - TRANSBORDO;REBOQUE;REBOQUE TRANSBORDO ANTONIOSI ATA 10500
63337;REBOQUE - TRANSBORDO;REBOQUE;REBOQUE TRANSBORDO SERMAG SMR 10000
63338;REBOQUE - TRANSBORDO;REBOQUE;REBOQUE TRANSBORDO SANTA IZABEL TASI 22
63339;REBOQUE - TRANSBORDO;REBOQUE;REBOQUE TRANSBORDO SANTA IZABEL TASI 22
63340;REBOQUE - TRANSBORDO;REBOQUE;REBOQUE TRANSBORDO SANTA IZABEL TASI 22
63341;REBOQUE - TRANSBORDO;REBOQUE;REBOQUE TRANSBORDO SANTA IZABEL TASI 22
63342;REBOQUE - TRANSBORDO;REBOQUE;REBOQUE TRANSBORDO SANTA IZABEL TASI 22
63343;REBOQUE - TRANSBORDO;REBOQUE;REBOQUE TRANSBORDO SANTA IZABEL TASI 22
63344;REBOQUE - TRANSBORDO;REBOQUE;REBOQUE TRANSBORDO SANTA IZABEL TASI 22
63345;REBOQUE - TRANSBORDO;REBOQUE;REBOQUE TRANSBORDO SANTA IZABEL TASI 22
63346;REBOQUE - TRANSBORDO;REBOQUE;REBOQUE TRANSBORDO ANTONIOSI ATA 12000
63347;REBOQUE - TRANSBORDO;REBOQUE;REBOQUE TRANSBORDO ANTONIOSI ATA 12000
63348;REBOQUE - TRANSBORDO;REBOQUE;REBOQUE TRANSBORDO ANTONIOSI ATA 12000
63349;REBOQUE - TRANSBORDO;REBOQUE;REBOQUE TRANSBORDO ANTONIOSI ATA 12000
63350;REBOQUE - TRANSBORDO;REBOQUE;REBOQUE TRANSBORDO ANTONIOSI ATA 12000
63351;REBOQUE - TRANSBORDO;REBOQUE;REBOQUE TRANSBORDO ANTONIOSI ATA 12000
63352;REBOQUE - TRANSBORDO;REBOQUE;REBOQUE TRANSBORDO ANTONIOSI ATA 12000
63353;REBOQUE - TRANSBORDO;REBOQUE;REBOQUE TRANSBORDO ANTONIOSI ATA 12000
63354;REBOQUE - TRANSBORDO;REBOQUE;REBOQUE TRANSBORDO TRACAN VTX 10000
63355;REBOQUE - TRANSBORDO;REBOQUE;REBOQUE TRANSBORDO TRACAN VTX 10000
63356;REBOQUE - TRANSBORDO;REBOQUE;REBOQUE TRANSBORDO TRACAN VTX 10000
63357;REBOQUE - TRANSBORDO;REBOQUE;REBOQUE TRANSBORDO TRACAN VTX 10000
63358;REBOQUE - TRANSBORDO;REBOQUE;REBOQUE TRANSBORDO TRACAN VTX 10000
63359;REBOQUE - TRANSBORDO;REBOQUE;REBOQUE TRANSBORDO TRACAN VTX 10000
63360;REBOQUE - TRANSBORDO;REBOQUE;REBOQUE TRANSBORDO TRACAN VTX 10000
63361;REBOQUE - TRANSBORDO;REBOQUE;REBOQUE TRANSBORDO TRACAN VTX 10000
63362;REBOQUE - TRANSBORDO;REBOQUE;REBOQUE TRANSBORDO TRACAN VTX 10000
63363;REBOQUE - TRANSBORDO;REBOQUE;REBOQUE TRANSBORDO ANTONIOSI ATA 10500
63364;REBOQUE - TRANSBORDO;REBOQUE;REBOQUE TRANSBORDO ANTONIOSI ATA 10500
63365;REBOQUE - TRANSBORDO;REBOQUE;REBOQUE TRANSBORDO ANTONIOSI ATA 10500
63366;REBOQUE - TRANSBORDO;REBOQUE;REBOQUE TRANSBORDO ANTONIOSI ATA 10500
63367;REBOQUE - TRANSBORDO;REBOQUE;REBOQUE TRANSBORDO ANTONIOSI ATA 10500
63368;REBOQUE - TRANSBORDO;REBOQUE;REBOQUE TRANSBORDO ANTONIOSI ATA 10500
63369;REBOQUE - TRANSBORDO;REBOQUE;REBOQUE TRANSBORDO ANTONIOSI ATA 10500
63370;REBOQUE - TRANSBORDO;REBOQUE;REBOQUE TRANSBORDO ANTONIOSI ATA 10500
63371;REBOQUE - TRANSBORDO;REBOQUE;REBOQUE TRANSBORDO ANTONIOSI ATA 10500
63372;REBOQUE - TRANSBORDO;REBOQUE;REBOQUE TRANSBORDO ANTONIOSI ATA 10500
63373;REBOQUE - TRANSBORDO;REBOQUE;REBOQUE TRANSBORDO ANTONIOSI ATA 10500
63374;REBOQUE - TRANSBORDO;REBOQUE;REBOQUE TRANSBORDO ANTONIOSI ATA 10500
63375;REBOQUE - TRANSBORDO;REBOQUE;REBOQUE TRANSBORDO ANTONIOSI ATA 10500
63376;REBOQUE - TRANSBORDO;REBOQUE;REBOQUE TRANSBORDO ANTONIOSI ATA 10500
63377;REBOQUE - TRANSBORDO;REBOQUE;REBOQUE TRANSBORDO ANTONIOSI ATA 10500
63378;REBOQUE - TRANSBORDO;REBOQUE;REBOQUE TRANSBORDO ANTONIOSI ATA 10500
63379;REBOQUE - TRANSBORDO;REBOQUE;REBOQUE TRANSBORDO ANTONIOSI ATA 10500
63380;REBOQUE - TRANSBORDO;REBOQUE;REBOQUE TRANSBORDO ANTONIOSI ATA 10500
63381;REBOQUE - TRANSBORDO;REBOQUE;REBOQUE TRANSBORDO ANTONIOSI ATA 10500
63382;REBOQUE - TRANSBORDO;REBOQUE;REBOQUE TRANSBORDO ANTONIOSI ATA 10500
63383;REBOQUE - TRANSBORDO;REBOQUE;REBOQUE TRANSBORDO ANTONIOSI ATA 10500
63384;REBOQUE - TRANSBORDO;REBOQUE;REBOQUE TRANSBORDO ANTONIOSI ATA 12000
63385;REBOQUE - TRANSBORDO;REBOQUE;REBOQUE TRANSBORDO ANTONIOSI ATA 12000
63386;REBOQUE - TRANSBORDO;REBOQUE;REBOQUE TRANSBORDO ANTONIOSI ATA 12000
63387;REBOQUE - TRANSBORDO;REBOQUE;REBOQUE TRANSBORDO ANTONIOSI ATA 12000
63388;REBOQUE - TRANSBORDO;REBOQUE;REBOQUE TRANSBORDO ANTONIOSI ATA 12000
63389;REBOQUE - TRANSBORDO;REBOQUE;REBOQUE TRANSBORDO ANTONIOSI ATA 12000
63390;REBOQUE - TRANSBORDO;REBOQUE;REBOQUE TRANSBORDO RODOFORT HDB-6C89
63391;REBOQUE - TRANSBORDO;REBOQUE;REBOQUE TRANSBORDO RODOFORT HDB-6C85
63392;REBOQUE - TRANSBORDO;REBOQUE;REBOQUE TRANSBORDO TMA VTX 14000
63393;REBOQUE - TRANSBORDO;REBOQUE;REBOQUE TRANSBORDO TMA VTX 14000
63394;REBOQUE - TRANSBORDO;REBOQUE;REBOQUE TRANSBORDO TMA VTX 14000
63395;REBOQUE - TRANSBORDO;REBOQUE;REBOQUE TRANSBORDO TMA VTX 14000
63396;REBOQUE - TRANSBORDO;REBOQUE;REBOQUE TRANSBORDO TMA VTX 14000
63397;REBOQUE - TRANSBORDO;REBOQUE;REBOQUE TRANSBORDO TMA VTX 14000
63398;REBOQUE - TRANSBORDO;REBOQUE;REBOQUE TRANSBORDO TMA VTX 14000
63399;REBOQUE - TRANSBORDO;REBOQUE;REBOQUE TRANSBORDO TMA VTX 14000
63400;REBOQUE - TRANSBORDO;REBOQUE;REBOQUE TRANSBORDO TMA VTX 14000
63401;REBOQUE - TRANSBORDO;REBOQUE;REBOQUE TRANSBORDO TMA VTX 14000
63402;REBOQUE - TRANSBORDO;REBOQUE;REBOQUE TRANSBORDO TMA VTX 14000
63403;REBOQUE - TRANSBORDO;REBOQUE;REBOQUE TRANSBORDO TMA VTX 14000
63404;REBOQUE - TRANSBORDO;REBOQUE;REBOQUE TRANSBORDO TMA VTX 14000
63405;REBOQUE - TRANSBORDO;REBOQUE;REBOQUE TRANSBORDO TMA VTX 14000
63406;REBOQUE - TRANSBORDO;REBOQUE;REBOQUE TRANSBORDO TMA VTX 14000
63407;REBOQUE - TRANSBORDO;REBOQUE;REBOQUE TRANSBORDO TMA VTX 14000
63600;REBOQUE - PRANCHA;REBOQUE;REBOQUE FACHINNI SRF CT NWQ-3307
63601;REBOQUE - PRANCHA;REBOQUE;SEMI REBOQUE PRANCHA RANDON SHX-4C85
63650;REBOQUE - BANHEIRO MOVEL;REBOQUE;REBOQUE BANHEIRO MOVEL MMW-5532
63651;REBOQUE - OFICINA;REBOQUE;REBOQUE OFICINA PIT STOP AAA-9999
63700;REBOQUE - TANQUE;REBOQUE;REBOQUE TANQUE DAGUA 8.000L
63701;REBOQUE - TANQUE;REBOQUE;SEMI REBOQUE TANQUE SERGOMEL QXY-1E29
63702;REBOQUE - TANQUE;REBOQUE;SEMI REBOQUE TANQUE SERGOMEL RFB-1F41
63703;REBOQUE - TANQUE;REBOQUE;SEMI REBOQUE TANQUE SERGOMEL QXY-1E37
63704;REBOQUE - TANQUE;REBOQUE;REBOQUE TANQUE SERGOMEL QXY-1E21
63705;REBOQUE - TANQUE;REBOQUE;REBOQUE TANQUE SERGOMEL QXY-1E34
63706;REBOQUE - TANQUE;REBOQUE;REBOQUE TANQUE SERGOMEL RFB-1F42
63708;REBOQUE - TANQUE;REBOQUE;REBOQUE TANQUE DAGUA 4.000L
63709;REBOQUE - TANQUE;REBOQUE;SEMI REBOQUE TANQUE PASTRE LZW-2D36
63710;REBOQUE - TANQUE;REBOQUE;SEMI REBOQUE RECRUSUL SRTX BYA-2155
63711;REBOQUE - TANQUE;REBOQUE;SEMI REBOQUE TANQUE SERGOMEL BWD-8I06
63712;REBOQUE - TANQUE;REBOQUE;REBOQUE TANQUE DAGUA 13.000L
63714;REBOQUE - TANQUE;REBOQUE;SEMI REBOQUE TANQUE FACCHINI CPJ-3E95
63715;REBOQUE - TANQUE;REBOQUE;SEMI REBOQUE TANQUE FRUEHAUF CPJ-3B53
63716;REBOQUE - TANQUE;REBOQUE;SEMI REBOQUE TANQUE REB KRONE BWP-8A49
63717;REBOQUE - TANQUE;REBOQUE;SEMI REBOQUE TANQUE FRUEHAUF CPJ-3B63
63718;REBOQUE - TANQUE;REBOQUE;REBOQUE TANQUE NONINO 35000L
63719;REBOQUE - TANQUE;REBOQUE;REBOQUE TANQUE NONINO 35000L AAA-9999
63720;REBOQUE - TANQUE;REBOQUE;REBOQUE TANQUE NONINO 35000L AAA-9999
63721;REBOQUE - TANQUE;REBOQUE;SEMI REBOQUE TANQUE SERGOMEL RVT-0D56
63722;REBOQUE - TANQUE;REBOQUE;REBOQUE TANQUE SERGOMEL RVT-0D59
63723;REBOQUE - TANQUE;REBOQUE;SEMI REBOQUE TANQUE SERGOMEL SHD-6I87
63724;REBOQUE - TANQUE;REBOQUE;REBOQUE TANQUE SERGOMEL SHD-6I85
63725;REBOQUE - TANQUE;REBOQUE;SEMI REBOQUE SERGOMEL SHD-6I84
63726;REBOQUE - TANQUE;REBOQUE;REBOQUE TANQUE SERGOMEL SHD-6I91
63727;REBOQUE - TANQUE;REBOQUE;REBOQUE TANQUE NONINO AAA-9999
63728;REBOQUE - TANQUE;REBOQUE;REBOQUE TANQUE SERGOMEL RVU-0I91
63729;REBOQUE - TANQUE;REBOQUE;SEMI REBOQUE TANQUE SERGOMEL RVU-0I89
63730;REBOQUE - TANQUE;REBOQUE;REBOQUE TANQUE NONINO AAA-9999
63731;REBOQUE - TANQUE;REBOQUE;SEMI REBOQUE TANQUE BISELLI MQU-0895
63732;REBOQUE - TANQUE;REBOQUE;SEMI REBOQUE TANQUE SR RECRUSUL BXC-4E83
63733;REBOQUE - TANQUE;REBOQUE;SEMI REBOQUE TANQUE KRONORTE JKW-1C62
63734;REBOQUE - TANQUE;REBOQUE;SEMI REBOQUE TANQUE LIESS IHX-8873
63735;REBOQUE - TANQUE;REBOQUE;SEMI REBOQUE TANQUE KRONE KGC-4E59
63736;REBOQUE - TANQUE;REBOQUE;SEMI REBOQUE TANQUE SERGOMEL SIF-0E91
63737;REBOQUE - TANQUE;REBOQUE;REBOQUE TANQUE SERGOMEL SIF-0E93
63738;REBOQUE - TANQUE;REBOQUE;SEMI REBOQUE TANQUE SR GUERRA IOS-7A11
63739;REBOQUE - TANQUE;REBOQUE;SEMI REBOQUE TANQUE SR GUERRA IOS-7A12
63740;REBOQUE - TANQUE;REBOQUE;SEMI REBOQUE TANQUE SERGOMEL FKW-1664
63800;AREA VIVENCIA - DIVERSOS;AREA VIVENCIA;REBOQUE AREA VIVENCIA MOB-6200
63801;AREA VIVENCIA - DIVERSOS;AREA VIVENCIA;REBOQUE AREA VIVENCIA MNF-7919
63802;AREA VIVENCIA - DIVERSOS;AREA VIVENCIA;AREA VIVENCIA IBIMAC AAA-9999
63803;AREA VIVENCIA - DIVERSOS;AREA VIVENCIA;REBOQUE AREA VIVENCIA AAA-9999
63804;AREA VIVENCIA - DIVERSOS;AREA VIVENCIA;AREA VIVENCIA AAA-9999
63805;AREA VIVENCIA - DIVERSOS;AREA VIVENCIA;AREA VIVENCIA AAA-9999
63806;AREA VIVENCIA - DIVERSOS;AREA VIVENCIA;AREA VIVENCIA AAA-9999
63807;AREA VIVENCIA - DIVERSOS;AREA VIVENCIA;AREA VIVENCIA AAA-9999
63808;AREA VIVENCIA - DIVERSOS;AREA VIVENCIA;AREA VIVENCIA TKS-10 AAA-9999
63809;AREA VIVENCIA - DIVERSOS;AREA VIVENCIA;REBOQUE AREA VIVENCIA AAA-9999
63810;REBOQUE - TRANSBORDO;REBOQUE;REBOQUE TRANSBORDO RODOFORT HDB-6C58
63813;AREA VIVENCIA - DIVERSOS;AREA VIVENCIA;AREA VIVENCIA AAA-9999
63814;AREA VIVENCIA - DIVERSOS;AREA VIVENCIA;AREA VIVENCIA R PARAISO CGT-2C51
63815;REBOQUE - BANHEIRO MOVEL;REBOQUE;REBOQUE BANHEIRO MOVEL RANDON MMW-5722
63900;REBOQUE - CACAMBA;REBOQUE;SEMI REBOQUE CACAMBA SR PASTRE FDB-8113
63901;REBOQUE - GRANELEIRO;REBOQUE;SEMI REBOQUE RANDON SR GR 0335 TCG-8I06
63902;REBOQUE - TRANSP. TUBO;REBOQUE;REBOQUE TRANSP. TUBO RANDON NFZ-2752
64000;MAQUINA PESADA - PA CARREGADEIRA;MAQUINA PESADA;PA CARREGADEIRA JOHN DEERE 624K
64002;MAQUINA PESADA - PA CARREGADEIRA;MAQUINA PESADA;PA CARREGADEIRA JOHN DEERE 624K
64003;MAQUINA PESADA - PA CARREGADEIRA;MAQUINA PESADA;PA CARREGADEIRA JOHN DEERE 624K
64100;MAQUINA PESADA - ESCAVADEIRA HIDRAULICA;MAQUINA PESADA;ESCAVADEIRA JOHN DEERE 210 G
64101;MAQUINA PESADA - RETROESCAVADEIRA;MAQUINA PESADA;RETROESCAVADEIRA JOHN DEERE 310P
64201;MAQUINA PESADA - MOTONIVELADORA;MAQUINA PESADA;MOTONIVELADORA JOHN DEERE 620G
64202;MAQUINA PESADA - MOTONIVELADORA;MAQUINA PESADA;MOTONIVELADORA JOHN DEERE 620P
64300;MAQUINA PESADA - TRATOR ESTEIRA;MAQUINA PESADA;TRATOR ESTEIRA CASE A8800
64350;MAQUINA PESADA - ROLO COMPACTADOR;MAQUINA PESADA;ROLO COMPACTADOR DYNAPAC CA 25
64400;MAQUINA PESADA - EMPILHADEIRA;MAQUINA PESADA;EMPILHADEIRA HYSTER H60FT GLP
64401;MAQUINA PESADA - EMPILHADEIRA;MAQUINA PESADA;EMPILHADEIRA HYSTER H60FT GLP
64402;MAQUINA PESADA - EMPILHADEIRA;MAQUINA PESADA;EMPILHADEIRA JCB 540-170
64403;MAQUINA PESADA - EMPILHADEIRA;MAQUINA PESADA;MANIPULADOR JCB 530-110
64404;MAQUINA PESADA - EMPILHADEIRA;MAQUINA PESADA;MANIPULADOR JCB 530-110
64405;MAQUINA PESADA - EMPILHADEIRA;MAQUINA PESADA;EMPILHADEIRA PALETRANS PT1654
64406;MAQUINA PESADA - EMPILHADEIRA;MAQUINA PESADA;EMPILHADEIRA HELI CPQD25
64407;MAQUINA PESADA - EMPILHADEIRA;MAQUINA PESADA;EMPILHADEIRA HELI CPQD25
65000;EQUIPAMENTO IRRIG - MOTOR IRRIGACAO;EQUIPAMENTO IRRIG;MOTOR IRRIGACAO MWM D229/6
65001;EQUIPAMENTO INDUST - MOTOR ESTACIONARIO;EQUIPAMENTO INDUST;MOTOR ESTACIONARIO PERKINS1104A-44
65002;EQUIPAMENTO INDUST - MOTOR ESTACIONARIO;EQUIPAMENTO INDUST;MOTOR ESTACIONARIO PERKINS 1104A-44
65004;EQUIPAMENTO IRRIG - MOTOR IRRIGACAO;EQUIPAMENTO IRRIG;MOTOR IRRIGACAO MWM TCA 6.10
65005;EQUIPAMENTO IRRIG - MOTOR IRRIGACAO;EQUIPAMENTO IRRIG;MOTOR IRRIGACAO MWM TCA 6.10
65006;EQUIPAMENTO IRRIG - MOTOR IRRIGACAO;EQUIPAMENTO IRRIG;MOTOR IRRIGACAO MWM 6.12 TCA
65007;EQUIPAMENTO IRRIG - MOTOR IRRIGACAO;EQUIPAMENTO IRRIG;MOTOR IRRIGACAO MWM 6.12TCA
65008;EQUIPAMENTO IRRIG - MOTOR IRRIGACAO;EQUIPAMENTO IRRIG;MOTOR IRRIGACAO MWM 6.12TCA
65011;EQUIPAMENTO IRRIG - MOTOR IRRIGACAO;EQUIPAMENTO IRRIG;MOTOR IRRIGACAO MWM 6.12 TCA
65302;EQUIPAMENTO IRRIG - ELETROBOMBA;EQUIPAMENTO IRRIG;ELETROBOMBA WEG W22
65303;EQUIPAMENTO IRRIG - ELETROBOMBA;EQUIPAMENTO IRRIG;ELETROBOMBA WEG W22
65304;EQUIPAMENTO IRRIG - ELETROBOMBA;EQUIPAMENTO IRRIG;ELETROBOMBA WEG W22 PLUS
65305;EQUIPAMENTO IRRIG - ELETROBOMBA;EQUIPAMENTO IRRIG;ELETROBOMBA MARATHOR HJN 280M-4
65306;EQUIPAMENTO IRRIG - ELETROBOMBA;EQUIPAMENTO IRRIG;ELETROBOMBA MARATHOR HJN 280M-4
65307;EQUIPAMENTO IRRIG - ELETROBOMBA;EQUIPAMENTO IRRIG;ELETROBOMBA MARATHOR HJN 280M-4
65308;EQUIPAMENTO IRRIG - ELETROBOMBA;EQUIPAMENTO IRRIG;ELETROBOMBA MARATHOR HJN 280M-4
65309;EQUIPAMENTO IRRIG - ELETROBOMBA;EQUIPAMENTO IRRIG;ELETROBOMBA WEG W22
65310;EQUIPAMENTO IRRIG - ELETROBOMBA;EQUIPAMENTO IRRIG;ELETROBOMBA WEG W22
65311;EQUIPAMENTO IRRIG - ELETROBOMBA;EQUIPAMENTO IRRIG;ELETROBOMBA WEG W22
65312;EQUIPAMENTO IRRIG - ELETROBOMBA;EQUIPAMENTO IRRIG;ELETROBOMBA WEG W22
65313;EQUIPAMENTO IRRIG - ELETROBOMBA;EQUIPAMENTO IRRIG;ELETROBOMBA WEG W22
65314;EQUIPAMENTO IRRIG - ELETROBOMBA;EQUIPAMENTO IRRIG;ELETROBOMBA WEG W22
65315;EQUIPAMENTO IRRIG - ELETROBOMBA;EQUIPAMENTO IRRIG;ELETROBOMBA WEG W22
65316;EQUIPAMENTO IRRIG - ELETROBOMBA;EQUIPAMENTO IRRIG;ELETROBOMBA WEG W22
65317;EQUIPAMENTO IRRIG - ELETROBOMBA;EQUIPAMENTO IRRIG;ELETROBOMBA WEG W22
65318;EQUIPAMENTO IRRIG - ELETROBOMBA;EQUIPAMENTO IRRIG;ELETROBOMBA WEG W22
65319;EQUIPAMENTO IRRIG - ELETROBOMBA;EQUIPAMENTO IRRIG;ELETROBOMBA WEG W22
65320;EQUIPAMENTO IRRIG - ELETROBOMBA;EQUIPAMENTO IRRIG;ELETROBOMBA WEG W22
65321;EQUIPAMENTO IRRIG - ELETROBOMBA;EQUIPAMENTO IRRIG;ELETROBOMBA WEG 250
65322;EQUIPAMENTO IRRIG - ELETROBOMBA;EQUIPAMENTO IRRIG;ELETROBOMBA WEG 250
65323;EQUIPAMENTO IRRIG - ELETROBOMBA;EQUIPAMENTO IRRIG;ELETROBOMBA WEG 250
65324;EQUIPAMENTO IRRIG - ELETROBOMBA;EQUIPAMENTO IRRIG;ELETROBOMBA WEG 150
65325;EQUIPAMENTO IRRIG - ELETROBOMBA;EQUIPAMENTO IRRIG;ELETROBOMBA WEG 200
65326;EQUIPAMENTO IRRIG - ELETROBOMBA;EQUIPAMENTO IRRIG;ELETROBOMBA WEG 200
65327;EQUIPAMENTO IRRIG - ELETROBOMBA;EQUIPAMENTO IRRIG;ELETROBOMBA WEG 300
65328;EQUIPAMENTO IRRIG - ELETROBOMBA;EQUIPAMENTO IRRIG;ELETROBOMBA WEG 350
65329;EQUIPAMENTO IRRIG - ELETROBOMBA;EQUIPAMENTO IRRIG;ELETROBOMBA GERMEK 250 CV
65330;EQUIPAMENTO IRRIG - ELETROBOMBA;EQUIPAMENTO IRRIG;ELETROBOMBA GERMEK 250 CV
65331;EQUIPAMENTO IRRIG - ELETROBOMBA;EQUIPAMENTO IRRIG;ELETROBOMBA GERMEK 250 CV
65332;EQUIPAMENTO IRRIG - ELETROBOMBA;EQUIPAMENTO IRRIG;ELETROBOMBA GERMEK 350 CV
65333;EQUIPAMENTO IRRIG - ELETROBOMBA;EQUIPAMENTO IRRIG;ELETROBOMBA GERMEK 300 CV
65500;EQUIPAMENTO IRRIG - HIDRO ROLL IRRIGACAO;EQUIPAMENTO IRRIG;HIDRO ROLL TURBOMAQ 140/GSV/350 4R
65501;EQUIPAMENTO IRRIG - HIDRO ROLL IRRIGACAO;EQUIPAMENTO IRRIG;HIDRO ROLL TURBOMAQ 140/GSV/350 4R
65502;EQUIPAMENTO IRRIG - HIDRO ROLL IRRIGACAO;EQUIPAMENTO IRRIG;HIDRO ROLL TURBOMAQ 140/GSV/350 4R
65503;EQUIPAMENTO IRRIG - HIDRO ROLL IRRIGACAO;EQUIPAMENTO IRRIG;HIDRO ROLL TURBOMAQ 140/GSV/350 4R
65504;EQUIPAMENTO IRRIG - HIDRO ROLL IRRIGACAO;EQUIPAMENTO IRRIG;HIDRO ROLL TURBOMAQ 140/GSV/350 4R
65505;EQUIPAMENTO IRRIG - HIDRO ROLL IRRIGACAO;EQUIPAMENTO IRRIG;HIDRO ROLL TURBOMAQ 140/GSV/350 4R
65506;EQUIPAMENTO IRRIG - HIDRO ROLL IRRIGACAO;EQUIPAMENTO IRRIG;HIDRO ROLL TURBOMAQ 140/GSV/350 4R
65507;EQUIPAMENTO IRRIG - HIDRO ROLL IRRIGACAO;EQUIPAMENTO IRRIG;HIDRO ROLL TURBOMAQ 140/GSV/350-4R
65508;EQUIPAMENTO IRRIG - HIDRO ROLL IRRIGACAO;EQUIPAMENTO IRRIG;HIDRO ROLL TURBOMAQ 140/GSV/400-4R
65509;EQUIPAMENTO IRRIG - HIDRO ROLL IRRIGACAO;EQUIPAMENTO IRRIG;HIDRO ROLL TURBOMAQ 140/GSV/400-4R
65510;EQUIPAMENTO IRRIG - HIDRO ROLL IRRIGACAO;EQUIPAMENTO IRRIG;HIDRO ROLL TURBOMAQ 140/GSV/400-4R
65511;EQUIPAMENTO IRRIG - HIDRO ROLL IRRIGACAO;EQUIPAMENTO IRRIG;HIDRO ROLL SETORIAL HR G4 140/400
65512;EQUIPAMENTO IRRIG - HIDRO ROLL IRRIGACAO;EQUIPAMENTO IRRIG;HIDRO ROLL SETORIAL HR G4 140/400
65513;EQUIPAMENTO IRRIG - HIDRO ROLL IRRIGACAO;EQUIPAMENTO IRRIG;HIDRO ROLL SETORIAL HR G4 140/400
65514;EQUIPAMENTO IRRIG - HIDRO ROLL IRRIGACAO;EQUIPAMENTO IRRIG;HIDRO ROLL SETORIAL HR G4 140/400
65515;EQUIPAMENTO IRRIG - HIDRO ROLL IRRIGACAO;EQUIPAMENTO IRRIG;HIDRO ROLL SETORIAL HR G4 140/400
65516;EQUIPAMENTO IRRIG - HIDRO ROLL IRRIGACAO;EQUIPAMENTO IRRIG;HIDRO ROLL SETORIAL HR G4 140/400
65517;EQUIPAMENTO IRRIG - HIDRO ROLL IRRIGACAO;EQUIPAMENTO IRRIG;HIDRO ROLL SETORIAL HR G4 140/400
65518;EQUIPAMENTO IRRIG - HIDRO ROLL IRRIGACAO;EQUIPAMENTO IRRIG;HIDRO ROLL SETORIAL HR G4 140/400
65519;EQUIPAMENTO IRRIG - HIDRO ROLL IRRIGACAO;EQUIPAMENTO IRRIG;HIDRO ROLL SETORIAL HR G4 140/400
65520;EQUIPAMENTO IRRIG - HIDRO ROLL IRRIGACAO;EQUIPAMENTO IRRIG;HIDRO ROLL SETORIAL HR G4 140/400
65521;EQUIPAMENTO IRRIG - HIDRO ROLL IRRIGACAO;EQUIPAMENTO IRRIG;HIDRO ROLL SETORIAL HR G4 140/400
65522;EQUIPAMENTO IRRIG - HIDRO ROLL IRRIGACAO;EQUIPAMENTO IRRIG;HIDRO ROLL SETORIAL HR G4 140/400
65523;EQUIPAMENTO IRRIG - HIDRO ROLL IRRIGACAO;EQUIPAMENTO IRRIG;HIDRO ROLL SETORIAL HR G4 140/400
65524;EQUIPAMENTO IRRIG - HIDRO ROLL IRRIGACAO;EQUIPAMENTO IRRIG;HIDRO ROLL SETORIAL HR G4 140/400
65525;EQUIPAMENTO IRRIG - HIDRO ROLL IRRIGACAO;EQUIPAMENTO IRRIG;HIDRO ROLL SETORIAL HR G4 140/400
65526;EQUIPAMENTO IRRIG - HIDRO ROLL IRRIGACAO;EQUIPAMENTO IRRIG;HIDRO ROLL SETORIAL HR G4 140/400
65527;EQUIPAMENTO IRRIG - HIDRO ROLL IRRIGACAO;EQUIPAMENTO IRRIG;HIDRO ROLL SETORIAL HR G4 140/400
65528;EQUIPAMENTO IRRIG - HIDRO ROLL IRRIGACAO;EQUIPAMENTO IRRIG;HIDRO ROLL SETORIAL HR G4 140/400
65529;EQUIPAMENTO IRRIG - HIDRO ROLL IRRIGACAO;EQUIPAMENTO IRRIG;HIDRO ROLL SETORIAL HR 90X400
65530;EQUIPAMENTO IRRIG - HIDRO ROLL IRRIGACAO;EQUIPAMENTO IRRIG;HIDRO ROLL TURBOMAQ 140/GSV/400-4R
65531;EQUIPAMENTO IRRIG - HIDRO ROLL IRRIGACAO;EQUIPAMENTO IRRIG;HIDRO ROLL TURBOMAQ 140/GSV/400-4R
65532;EQUIPAMENTO IRRIG - HIDRO ROLL IRRIGACAO;EQUIPAMENTO IRRIG;HIDRO ROLL TURBOMAQ 140/GSV/400-4R
65533;EQUIPAMENTO IRRIG - HIDRO ROLL IRRIGACAO;EQUIPAMENTO IRRIG;HIDRO ROLL TURBOMAQ 140/GSV/400-4R
65534;EQUIPAMENTO IRRIG - HIDRO ROLL IRRIGACAO;EQUIPAMENTO IRRIG;HIDRO ROLL TURBOMAQ 140/GSV/400-4R
65535;EQUIPAMENTO IRRIG - HIDRO ROLL IRRIGACAO;EQUIPAMENTO IRRIG;HIDRO ROLL TURBOMAQ 140/GSV/400-4R
65536;EQUIPAMENTO IRRIG - HIDRO ROLL IRRIGACAO;EQUIPAMENTO IRRIG;HIDRO ROLL TURBOMAQ 140/GSV/400-4R
65537;EQUIPAMENTO IRRIG - HIDRO ROLL IRRIGACAO;EQUIPAMENTO IRRIG;HIDRO ROLL TURBOMAQ 140/GSV/400-4R
65538;EQUIPAMENTO IRRIG - HIDRO ROLL IRRIGACAO;EQUIPAMENTO IRRIG;HIDRO ROLL TURBOMAQ 140/GSV/350-4R
65539;EQUIPAMENTO IRRIG - HIDRO ROLL IRRIGACAO;EQUIPAMENTO IRRIG;HIDRO ROLL TURBOMAQ 140/GSV/350-4R
65540;EQUIPAMENTO IRRIG - HIDRO ROLL IRRIGACAO;EQUIPAMENTO IRRIG;HIDRO ROLL SETORIAL HR G4 140/400
65541;EQUIPAMENTO IRRIG - HIDRO ROLL IRRIGACAO;EQUIPAMENTO IRRIG;HIDRO ROLL SETORIAL HR G4 140/400
65542;EQUIPAMENTO IRRIG - HIDRO ROLL IRRIGACAO;EQUIPAMENTO IRRIG;HIDRO ROLL SETORIAL HR G4 140/400
65543;EQUIPAMENTO IRRIG - HIDRO ROLL IRRIGACAO;EQUIPAMENTO IRRIG;HIDRO ROLL SETORIAL HR G4 140/400
65544;EQUIPAMENTO IRRIG - HIDRO ROLL IRRIGACAO;EQUIPAMENTO IRRIG;HIDRO ROLL TURBOMAQ 140/GSV/450-4R
65545;EQUIPAMENTO IRRIG - HIDRO ROLL IRRIGACAO;EQUIPAMENTO IRRIG;HIDRO ROLL TURBOMAQ 140/GSV/450-4R
65546;EQUIPAMENTO IRRIG - HIDRO ROLL IRRIGACAO;EQUIPAMENTO IRRIG;HIDRO ROLL TURBOMAQ 140/GSV/450-4R
65547;EQUIPAMENTO IRRIG - HIDRO ROLL IRRIGACAO;EQUIPAMENTO IRRIG;HIDRO ROLL TURBOMAQ 140/GSV/450-4R
65548;EQUIPAMENTO IRRIG - HIDRO ROLL IRRIGACAO;EQUIPAMENTO IRRIG;HIDRO ROLL TURBOMAQ 140/GSV/450-4R
65549;EQUIPAMENTO IRRIG - HIDRO ROLL IRRIGACAO;EQUIPAMENTO IRRIG;HIDRO ROLL TURBOMAQ 140/GSV/450-4R
65550;EQUIPAMENTO IRRIG - HIDRO ROLL IRRIGACAO;EQUIPAMENTO IRRIG;HIDRO ROLL TURBOMAQ 140/GSV/450-4R
65551;EQUIPAMENTO IRRIG - HIDRO ROLL IRRIGACAO;EQUIPAMENTO IRRIG;HIDRO ROLL TURBOMAQ 140/GSV/450-4R
65552;EQUIPAMENTO IRRIG - HIDRO ROLL IRRIGACAO;EQUIPAMENTO IRRIG;HIDRO ROLL TURBOMAQ 140/GSV/450-4R
65553;EQUIPAMENTO IRRIG - HIDRO ROLL IRRIGACAO;EQUIPAMENTO IRRIG;HIDRO ROLL TURBOMAQ 140/GSV/450-4R
65554;EQUIPAMENTO IRRIG - HIDRO ROLL IRRIGACAO;EQUIPAMENTO IRRIG;HIDRO ROLL TURBOMAQ 140/GSV/450-4R
65555;EQUIPAMENTO IRRIG - HIDRO ROLL IRRIGACAO;EQUIPAMENTO IRRIG;HIDRO ROLL TURBOMAQ 140/GSV/450-4R
65556;EQUIPAMENTO IRRIG - HIDRO ROLL IRRIGACAO;EQUIPAMENTO IRRIG;HIDRO ROLL TURBOMAQ 140/GSV/350 4R
65557;EQUIPAMENTO IRRIG - HIDRO ROLL IRRIGACAO;EQUIPAMENTO IRRIG;HIDRO ROLL TURBOMAQ 140/GSV/350 4R
65558;EQUIPAMENTO IRRIG - HIDRO ROLL IRRIGACAO;EQUIPAMENTO IRRIG;HIDRO ROLL TURBOMAQ 140/GSV/350 4R
65559;EQUIPAMENTO IRRIG - HIDRO ROLL IRRIGACAO;EQUIPAMENTO IRRIG;HIDRO ROLL TURBOMAQ 140/GSV/350-4R
65560;EQUIPAMENTO IRRIG - HIDRO ROLL IRRIGACAO;EQUIPAMENTO IRRIG;HIDRO ROLL TURBOMAQ 140/GSV/350-4R
65561;EQUIPAMENTO IRRIG - HIDRO ROLL IRRIGACAO;EQUIPAMENTO IRRIG;HIDRO ROLL TURBOMAQ 140/GSV/450-4R
65562;EQUIPAMENTO IRRIG - HIDRO ROLL IRRIGACAO;EQUIPAMENTO IRRIG;HIDRO ROLL TURBOMAQ 140/GSV/350 4R
65563;EQUIPAMENTO IRRIG - HIDRO ROLL IRRIGACAO;EQUIPAMENTO IRRIG;HIDRO ROLL TURBOMAQ 140/GSV/350 4R
65564;EQUIPAMENTO IRRIG - HIDRO ROLL IRRIGACAO;EQUIPAMENTO IRRIG;HIDRO ROLL TURBOMAQ 140/GSV/350 4R
65565;EQUIPAMENTO IRRIG - HIDRO ROLL IRRIGACAO;EQUIPAMENTO IRRIG;HIDRO ROLL TURBOMAQ 140/GSV/350 4R
65566;EQUIPAMENTO IRRIG - HIDRO ROLL IRRIGACAO;EQUIPAMENTO IRRIG;HIDRO ROLL TURBOMAQ 140/GSV/350 4R
65700;EQUIPAMENTO IRRIG - MOTOR GERADOR;EQUIPAMENTO IRRIG;MOTOR GERADOR SCHULZ S5000TD
65701;EQUIPAMENTO IRRIG - MOTOR GERADOR;EQUIPAMENTO IRRIG;MOTOR GERADOR TOYAMA TG38V4
65702;EQUIPAMENTO INDUST - MOTOR GERADOR;EQUIPAMENTO INDUST;MOTOR GERADOR CUMMINS QSX15-G9
65703;EQUIPAMENTO INDUST - MOTOR GERADOR;EQUIPAMENTO INDUST;MOTOR GERADOR CUMMINS C500 D6
65704;EQUIPAMENTO IRRIG - MOTOR GERADOR;EQUIPAMENTO IRRIG;MOTOR GERADOR PERKINS 3152
65705;EQUIPAMENTO IRRIG - MOTOR GERADOR;EQUIPAMENTO IRRIG;MOTOR GERADOR BRANCO BD 700
65706;EQUIPAMENTO IRRIG - MOTOR GERADOR;EQUIPAMENTO IRRIG;MOTOR GERADOR BRANCO B4T 710
65707;EQUIPAMENTO IRRIG - MOTOR GERADOR;EQUIPAMENTO IRRIG;MOTOR GERADOR BRANCO B4T 710
65708;EQUIPAMENTO IRRIG - MOTOR GERADOR;EQUIPAMENTO IRRIG;MOTOR GERADOR TOYAMA D9000I
65709;EQUIPAMENTO IRRIG - MOTOR GERADOR;EQUIPAMENTO IRRIG;MOTOR GERADOR TOYAMA TG9000I
65710;EQUIPAMENTO IRRIG - MOTOR GERADOR;EQUIPAMENTO IRRIG;MOTOR GERADOR TOYAMA TG8000CXEV-XP
65711;EQUIPAMENTO IRRIG - MOTOR GERADOR;EQUIPAMENTO IRRIG;MOTOR GERADOR TOYAMA TG10000CXE-XP
65712;EQUIPAMENTO IRRIG - MOTOR GERADOR;EQUIPAMENTO IRRIG;MOTOR GERADOR TOYAMA TDG8500E3DXP
65713;EQUIPAMENTO IRRIG - MOTOR GERADOR;EQUIPAMENTO IRRIG;MOTOR GERADOR TOYAMA TWP50SXP
65714;EQUIPAMENTO IRRIG - MOTOR GERADOR;EQUIPAMENTO IRRIG;MOTOR GERADOR BRANCO BD 717E
65715;EQUIPAMENTO INDUST - MOTOR GERADOR;EQUIPAMENTO INDUST;MOTOR GERADOR MOTOMIL MGG 8000CLE
65716;EQUIPAMENTO IRRIG - MOTOR GERADOR;EQUIPAMENTO IRRIG;MOTOR GERADOR AGCO POWER 320DS
65717;EQUIPAMENTO IRRIG - MOTOR GERADOR;EQUIPAMENTO IRRIG;MOTOR GERADOR BRANCO B4T 703
65718;EQUIPAMENTO IRRIG - MOTOR GERADOR;EQUIPAMENTO IRRIG;MOTOR GERADOR BRANCO B4T 710
65719;EQUIPAMENTO IRRIG - MOTOR GERADOR;EQUIPAMENTO IRRIG;MOTOR GERADOR TOYAMA TDG8500E3XP
65800;EQUIPAMENTO INDUST - MOTOR ESTACIONARIO;EQUIPAMENTO INDUST;MOTOR ESTACIONARIO MWM 6.12 TCA
65801;EQUIPAMENTO IRRIG - MOTOR ESTACIONARIO;EQUIPAMENTO IRRIG;MOTOR ESTACIONARIO MWM 6.12 TCA
65802;EQUIPAMENTO IRRIG - MOTOR ESTACIONARIO;EQUIPAMENTO IRRIG;MOTOR ESTACIONARIO CUMMINS C500 D6B
65803;EQUIPAMENTO IRRIG - MOTOR ESTACIONARIO;EQUIPAMENTO IRRIG;MOTOR ESTACIONARIO BRANCO B4T 703
66000;IMPLEMENTO - MOTOSSERRA;IMPLEMENTO;MOTOSSERRA STIHL MS 382
66001;IMPLEMENTO - MOTOSSERRA;IMPLEMENTO;MOTOSSERRA STIHL MS 382
66002;IMPLEMENTO - HERBIPLUS E BOMBA COSTAL;IMPLEMENTO;PULVERIZADOR JACTO 800
66003;IMPLEMENTO - GRADAGEM;IMPLEMENTO;GRADE ARADORA MARCHESAN GVMF 20
66004;IMPLEMENTO - GRADAGEM;IMPLEMENTO;GRADE ARADORA MARCHESAN GVMF 20
66005;IMPLEMENTO - PLANTADORA CANA;IMPLEMENTO;PLANTADORA CANA DMB PCP6000
66006;IMPLEMENTO - PLANTADORA CANA;IMPLEMENTO;PLANTADORA CANA DMB PCP6000
66007;IMPLEMENTO - PLANTADORA CANA;IMPLEMENTO;PLANTADORA CANA DMB PCP6000
66008;IMPLEMENTO - PLANTADORA CANA;IMPLEMENTO;PLANTADORA CANA DMB PCP6000
66009;IMPLEMENTO - PLANTADORA CANA;IMPLEMENTO;PLANTADORA CANA DMB PCP6000
66010;IMPLEMENTO - PLANTADORA CANA;IMPLEMENTO;PLANTADORA CANA DMB PCP6000
66011;IMPLEMENTO - PLANTADORA CANA;IMPLEMENTO;PLANTADORA CANA DMB PCP6000
66012;IMPLEMENTO - PLANTADORA CANA;IMPLEMENTO;PLANTADORA CANA DMB PCP6000
66013;IMPLEMENTO - COBRIDOR;IMPLEMENTO;COBRIDOR DMB 2 LINHAS
66014;IMPLEMENTO - COBRIDOR;IMPLEMENTO;COBRIDOR DMB 2 LINHAS
66015;IMPLEMENTO - GRADAGEM;IMPLEMENTO;GRADE ARADORA CIVEMASA
66016;IMPLEMENTO - SULCADOR;IMPLEMENTO;SULCADOR DMB 2 LINHAS
66017;IMPLEMENTO - SULCADOR;IMPLEMENTO;SULCADOR DMB 2 LINHA
66018;IMPLEMENTO - SULCADOR;IMPLEMENTO;SULCADOR DMB 2 LINHAS
66019;IMPLEMENTO - HERBIPLUS E BOMBA COSTAL;IMPLEMENTO;PULVERIZADOR STIHL SR 450
66020;IMPLEMENTO - COBRIDOR;IMPLEMENTO;COBRIDOR DMB 2 LINHAS
66021;IMPLEMENTO - SUBSOLADOR/CANTERIZADOR;IMPLEMENTO;SUBSOLADOR CIVEMASA STAC 9P
66022;IMPLEMENTO - SUBSOLADOR/CANTERIZADOR;IMPLEMENTO;SUBSOLADOR CIVEMASA STAC L 450 7H
66023;IMPLEMENTO - SUBSOLADOR/CANTERIZADOR;IMPLEMENTO;SUBSOLADOR CIVEMASA STAC L 450 7H
66024;IMPLEMENTO - CARRETA AGRICOLA;IMPLEMENTO;CARRETA BASCULANTE HIDRAULICA
66025;IMPLEMENTO - CARRETA AGRICOLA;IMPLEMENTO;CARRETA BASCULANTE HIDRAULICA
66026;IMPLEMENTO - CARRETA AGRICOLA;IMPLEMENTO;CARRETA BASCULANTE HIDRAULICA
66027;IMPLEMENTO - SUBSOLADOR/CANTERIZADOR;IMPLEMENTO;SUBSOLADOR CANTERIZADOR 6 HASTES
66028;IMPLEMENTO - HERBIPLUS E BOMBA COSTAL;IMPLEMENTO;PULVERIZADOR HERBICAT HERBIPLUS
66029;IMPLEMENTO - GRADAGEM;IMPLEMENTO;GRADE 24 DISCOS
66030;IMPLEMENTO - SULCADOR;IMPLEMENTO;SULCADOR DMB 2 LINHAS
66031;IMPLEMENTO - CULTIVADOR / QUEBRA LOMBO;IMPLEMENTO;CULTIVADOR DRIA 2 LINHAS
66032;IMPLEMENTO - DISTRIBUIDOR ADUBO;IMPLEMENTO;ADUBADOR DMB 1250H
66033;IMPLEMENTO - DISTRIBUIDOR ADUBO;IMPLEMENTO;ADUBADOR DMB 1250H
66034;IMPLEMENTO - CARRETA AGRICOLA;IMPLEMENTO;CARRETA REBOQUE ISIDOC CIA 1502 PQZ-1006
66035;IMPLEMENTO - CULTIVADOR / QUEBRA LOMBO;IMPLEMENTO;CULTIVADOR DMB 2 LINHAS
66036;IMPLEMENTO - SULCADOR;IMPLEMENTO;SULCADOR DMB 2 LINHAS
66037;IMPLEMENTO - SULCADOR;IMPLEMENTO;CULTIVADOR DMB 2 LINHAS
66038;IMPLEMENTO - ROCADEIRA;IMPLEMENTO;ROCADEIRA INRODA RH1800
66039;IMPLEMENTO - ROCADEIRA;IMPLEMENTO;ROCADEIRA HIDRAULICA TATU ROP2 1500
66040;IMPLEMENTO - SUBSOLADOR/CANTERIZADOR;IMPLEMENTO;SULCADOR DRIA 2 LINHAS
66041;IMPLEMENTO - TERRACIADOR;IMPLEMENTO;TERRACEADOR 18 D
66042;IMPLEMENTO - TERRACIADOR;IMPLEMENTO;TERRACEADOR BALDAN 26 DISCOS
66043;IMPLEMENTO - SUBSOLADOR/CANTERIZADOR;IMPLEMENTO;SUBSOLADOR CIVEMASA STAC L 450 7H
66044;IMPLEMENTO - SULCADOR;IMPLEMENTO;SULCADOR DRIA 2 LINHAS
66045;IMPLEMENTO - CARRETA AGRICOLA;IMPLEMENTO;CARRETA BASCULANTE HIDRAULICA
66046;IMPLEMENTO - ROCADEIRA;IMPLEMENTO;ROCADEIRA HIDRAULICA
66047;IMPLEMENTO - HERBIPLUS E BOMBA COSTAL;IMPLEMENTO;PULVERIZADOR HERBICAT HERBIPLUS
66048;IMPLEMENTO - SULCADOR;IMPLEMENTO;SULCADOR DMB 2 LINHAS
66049;IMPLEMENTO - CARRETA AGRICOLA;IMPLEMENTO;CARRETA REBOQUE ISIDOC CIA 1502 RFD-4G45
66050;IMPLEMENTO - GRADAGEM;IMPLEMENTO;GRADE ARADORA MARCHESAN GVMF 20
66051;EQUIPAMENTO IRRIG - TRANSFORMADOR;EQUIPAMENTO IRRIG;TRANSFORMADOR WEG TRIFASICO 225KVA
66052;IMPLEMENTO - SUBSOLADOR/CANTERIZADOR;IMPLEMENTO;IMPLEMENTO CANTERIZADOR 6 HASTES
66053;IMPLEMENTO - CARRETA AGRICOLA;IMPLEMENTO;CARRETA REBOQUE ISIDOC CIA 501 QXX-4A19
66054;IMPLEMENTO - CARRETA AGRICOLA;IMPLEMENTO;CARRETA TRANSPORTE TUBOS
66055;IMPLEMENTO - SEPARADOR MAGNETICO;IMPLEMENTO;ELETROIMA BETAMAG
66056;REBOQUE - DOLLY;REBOQUE;REBOQUE RANDON DOLLY QSE-5296
66057;REBOQUE - DOLLY;REBOQUE;REBOQUE RANDON DOLLY QSE-5136
66059;IMPLEMENTO - ROCADEIRA;IMPLEMENTO;ROCADEIRA STIHL FS 160
66060;EQUIPAMENTO IRRIG - TRANSFORMADOR;EQUIPAMENTO IRRIG;TRANSFORMADOR WEG 75
66061;EQUIPAMENTO IRRIG - TRANSFORMADOR;EQUIPAMENTO IRRIG;TRANSFORMADOR FOCKINK TRIFASICO 112,5KVA
66062;EQUIPAMENTO IRRIG - TRANSFORMADOR;EQUIPAMENTO IRRIG;TRANSFORMADOR FOCKINK TRIFASICO 112,5KVA
66063;EQUIPAMENTO IRRIG - TRANSFORMADOR;EQUIPAMENTO IRRIG;TRANSFORMADOR WEG 75
66064;IMPLEMENTO - DISTRIBUIDOR ADUBO;IMPLEMENTO;DISTRIBUIDOR ADUBO DMB
66065;IMPLEMENTO - CARRETA AGRICOLA;IMPLEMENTO;CARRETA TRANSPORTE TUBOS
66066;IMPLEMENTO - CARRETA AGRICOLA;IMPLEMENTO;CARRETA TRANSPORTE TUBO
66067;IMPLEMENTO - DIVERSOS;IMPLEMENTO;CARRETA REBOQUE RANDON
66068;IMPLEMENTO - DIVERSOS;IMPLEMENTO;CARRETA REBOQUE RANDON
66069;EQUIPAMENTO IRRIG - TRANSFORMADOR;EQUIPAMENTO IRRIG;TRANSFORMADOR WEG TRIFASICO 225KVA
66070;EQUIPAMENTO IRRIG - TRANSFORMADOR;EQUIPAMENTO IRRIG;TRANSFORMADOR WEG TRIFASICO 225KVA
66071;IMPLEMENTO - DIVERSOS;IMPLEMENTO;CARRETA DISTRIBUICAO WIFI VIA SATELITE
66072;EQUIPAMENTO IRRIG - TRANSFORMADOR;EQUIPAMENTO IRRIG;TRANSFORMADOR WEG TRIFASICO 225KVA
66073;EQUIPAMENTO IRRIG - TRANSFORMADOR;EQUIPAMENTO IRRIG;TRANSFORMADOR WEG TRIFASICO 225KVA
66074;EQUIPAMENTO IRRIG - TRANSFORMADOR;EQUIPAMENTO IRRIG;TRANSFORMADOR WEG TRIFASICO 225KVA
66075;EQUIPAMENTO IRRIG - TRANSFORMADOR;EQUIPAMENTO IRRIG;TRANSFORMADOR WEG TRIFASICO 225KVA
66076;EQUIPAMENTO IRRIG - TRANSFORMADOR;EQUIPAMENTO IRRIG;TRANSFORMADOR WEG TRIFASICO 225KVA
66077;IMPLEMENTO - APLIC. INSETICIDA;IMPLEMENTO;PULVERIZADOR CIMAG PPEC 600
66078;REBOQUE - TANQUE;REBOQUE;REBOQUE TANQUE CALDA PRONTA 4.000LT
66079;AREA VIVENCIA - DIVERSOS;AREA VIVENCIA;AREA VIVENCIA AAA-9999
66080;AREA VIVENCIA - DIVERSOS;AREA VIVENCIA;AREA VIVENCIA AAA-9999
66081;AREA VIVENCIA - DIVERSOS;AREA VIVENCIA;AREA VIVENCIA AAA-9999
66082;AREA VIVENCIA - DIVERSOS;AREA VIVENCIA;AREA VIVENCIA AAA-9999
66083;AREA VIVENCIA - DIVERSOS;AREA VIVENCIA;AREA VIVENCIA PVG-5723
66084;AREA VIVENCIA - DIVERSOS;AREA VIVENCIA;AREA VIVENCIA QMU-7100
66085;AREA VIVENCIA - DIVERSOS;AREA VIVENCIA;AREA VIVENCIA PVK-5574
66086;AREA VIVENCIA - DIVERSOS;AREA VIVENCIA;AREA VIVENCIA PVK-5606
66087;AREA VIVENCIA - DIVERSOS;AREA VIVENCIA;AREA VIVENCIA PVE-9I59
66088;AREA VIVENCIA - DIVERSOS;AREA VIVENCIA;AREA VIVENCIA QMU-7A38
66089;AREA VIVENCIA - DIVERSOS;AREA VIVENCIA;AREA VIVENCIA QMS-9I76
66090;AREA VIVENCIA - DIVERSOS;AREA VIVENCIA;AREA VIVENCIA PVK-7H84
66091;IMPLEMENTO - SUBSOLADOR/CANTERIZADOR;IMPLEMENTO;SUBSOLADOR CANTERIZADOR 2 LINHAS
66092;IMPLEMENTO - CARRETA AGRICOLA;IMPLEMENTO;CARRETA REBOQUE ISIDOC CIA 1502 PRI-4297
66093;IMPLEMENTO - DIVERSOS;IMPLEMENTO;TOMBADOR CANA
66094;IMPLEMENTO - DIVERSOS;IMPLEMENTO;ASPERSOR IRRIGACAO
66095;IMPLEMENTO - DISTRIBUIDOR ADUBO;IMPLEMENTO;DISTRIBUIDOR ADUBO KAMAQ SAK 2 DUAL
66096;IMPLEMENTO - MOTOSSERRA;IMPLEMENTO;MOTOSSERRA STIHL MS 382
66097;IMPLEMENTO - MOTOSSERRA;IMPLEMENTO;MOTOSSERRA STIHL MS 382
66098;IMPLEMENTO - SULCADOR;IMPLEMENTO;SULCADOR DMB 1 LINHAS
66099;IMPLEMENTO - HERBIPLUS E BOMBA COSTAL;IMPLEMENTO;PULVERIZADOR CIMAG PPEC 600
66100;IMPLEMENTO - HERBIPLUS E BOMBA COSTAL;IMPLEMENTO;PULVERIZADOR CIMAG PPEC 600
66101;IMPLEMENTO - HERBIPLUS E BOMBA COSTAL;IMPLEMENTO;PULVERIZADOR 240LTS
66102;IMPLEMENTO - HERBIPLUS E BOMBA COSTAL;IMPLEMENTO;PULVERIZADOR 240LTS
66103;IMPLEMENTO - HERBIPLUS E BOMBA COSTAL;IMPLEMENTO;PULVERIZADOR 240LTS
66104;EQUIPAMENTO IRRIG - TRANSFORMADOR;EQUIPAMENTO IRRIG;TRANSFORMADOR TRIFASICO 225KVA
66105;EQUIPAMENTO IRRIG - TRANSFORMADOR;EQUIPAMENTO IRRIG;TRANSFORMADOR TRIFASICO 225KVA
66106;IMPLEMENTO - DIVERSOS;IMPLEMENTO;TRITURADOR ADUBO
66107;IMPLEMENTO - DIVERSOS;IMPLEMENTO;TANQUE MISTURADOR VINHACA UREIA 9800LT
66108;IMPLEMENTO - CARRETA AGRICOLA;IMPLEMENTO;CARRETA TRANSPORTE TUBOS
66109;IMPLEMENTO - CARRETA AGRICOLA;IMPLEMENTO;CARRETA TRANSPORTE TUBOS
66110;IMPLEMENTO - CARRETA AGRICOLA;IMPLEMENTO;CARRETA TRANSPORTE TUBOS
66111;IMPLEMENTO - MOTOSSERRA;IMPLEMENTO;MOTOSSERRA STIHL MS 382
66112;IMPLEMENTO - JARDINAGEM;IMPLEMENTO;TRATOR HUSQVARNA TS138L
66113;IMPLEMENTO - DIVERSOS;IMPLEMENTO;SERRARIA MOVEL MCA 600
66114;IMPLEMENTO - DIVERSOS;IMPLEMENTO;CARRETA REBOQUE LIDER CLA 152 RUI-5J40
66115;IMPLEMENTO - DIVERSOS;IMPLEMENTO;CARRETA REBOQUE LIDER CLA 152 RUI-5J43
66116;IMPLEMENTO - DIVERSOS;IMPLEMENTO;CARRETA REBOQUE LIDER CLA 152 RUP-5C69
66117;IMPLEMENTO - DIVERSOS;IMPLEMENTO;CARRETA REBOQUE LIDER CLA 152 RUS-1E23
66118;IMPLEMENTO - SEMEADEIRA - (DISTRIB.CANA);IMPLEMENTO;DISTRIBUIDORA CANA ANTONIOSI PDCP 6500
66119;IMPLEMENTO - SEMEADEIRA - (DISTRIB.CANA);IMPLEMENTO;DISTRIBUIDORA CANA ANTONIOSI PDCP 6500
66120;IMPLEMENTO - APLIC. INSETICIDA;IMPLEMENTO;IMPLEMENTO TANQUE BIOLOGICO 600L
66121;IMPLEMENTO - SEMEADEIRA - (DISTRIB.CANA);IMPLEMENTO;DISTRIBUIDORA CANA ANTONIOSI PDCP 6500
66122;IMPLEMENTO - SEMEADEIRA - (DISTRIB.CANA);IMPLEMENTO;DISTRIBUIDORA CANA ANTONIOSI PDCP 6500
66123;IMPLEMENTO - SEMEADEIRA - (DISTRIB.CANA);IMPLEMENTO;DISTRIBUIDORA CANA ANTONIOSI PDCP 6500
66124;IMPLEMENTO - PLANTADORA CANA;IMPLEMENTO;PLANTADORA CANA DMB PCP6000
66125;IMPLEMENTO - SEMEADEIRA - (DISTRIB.CANA);IMPLEMENTO;DISTRIBUIDORA CANA ANTONIOSI PDCP 6500
66126;IMPLEMENTO - APLIC. INSETICIDA;IMPLEMENTO;PULVERIZADOR CIMAG PPEC 600
66127;IMPLEMENTO - APLIC. INSETICIDA;IMPLEMENTO;PULVERIZADOR CIMAG PPEC 600
66128;IMPLEMENTO - MOTOSSERRA;IMPLEMENTO;MOTOSSERRA STIHL MS 382
66129;IMPLEMENTO - MOTOSSERRA;IMPLEMENTO;MOTOSSERRA STIHL MS 382
66130;IMPLEMENTO - SUBSOLADOR/CANTERIZADOR;IMPLEMENTO;SUBSOLADOR CANTERIZADOR 7 HASTES
66131;IMPLEMENTO - ROCADEIRA;IMPLEMENTO;ROCADEIRA STIHL FS 220
66132;IMPLEMENTO - ROCADEIRA;IMPLEMENTO;ROCADEIRA STIHL FS 220
66133;IMPLEMENTO - ROCADEIRA;IMPLEMENTO;ROCADEIRA STIHL FS 220
66134;IMPLEMENTO - CARRETA AGRICOLA;IMPLEMENTO;CARRETA TRANSPORTE TUBOS
66135;IMPLEMENTO - CARRETA AGRICOLA;IMPLEMENTO;CARRETA TRANSPORTE TUBOS
66136;IMPLEMENTO - CARRETA AGRICOLA;IMPLEMENTO;CARRETA TRANSPORTE TUBOS
66137;IMPLEMENTO - DIVERSOS;IMPLEMENTO;BETONEIRA RENTAL FORCE 400 MD4
66138;EQUIPAMENTO IRRIG - TRANSFORMADOR;EQUIPAMENTO IRRIG;TRANSFORMADOR TRIFASICO MOVEL 300 KVA
66139;EQUIPAMENTO IRRIG - TRANSFORMADOR;EQUIPAMENTO IRRIG;TRANSFORMADOR GERMEK 300 KVA
66140;EQUIPAMENTO IRRIG - TRANSFORMADOR;EQUIPAMENTO IRRIG;TRANSFORMADOR TRIFASICO MOVEL 300 KVA
66141;IMPLEMENTO - DISTRIBUIDOR ADUBO;IMPLEMENTO;CULTIVADOR DMB 2 LINHAS APLIC HERBICIDA
66142;IMPLEMENTO - DISTRIBUIDOR ADUBO;IMPLEMENTO;CULTIVADOR DMB 2 LINHAS APLIC HERBICIDA
66143;IMPLEMENTO - PLANTADORA CANA;IMPLEMENTO;PLANTADORA CANA DMB PCP6000
66144;IMPLEMENTO - PLANTADORA CANA;IMPLEMENTO;PLANTADORA CANA DMB PCP6000
66145;IMPLEMENTO - JARDINAGEM;IMPLEMENTO;SOPRADOR COSTAL HUSQVARNA 570BTS
66146;IMPLEMENTO - DISTRIBUIDOR ADUBO;IMPLEMENTO;CULTIVADOR DMB 2 LINHAS APLIC HERBICIDA
66147;IMPLEMENTO - APLIC. INSETICIDA;IMPLEMENTO;TERMONEBULIZADOR VALMA PROFOG FORMIGA 02
66148;IMPLEMENTO - SEPARADOR MAGNETICO;IMPLEMENTO;SEPARADOR MAGNETICO
66149;IMPLEMENTO - APLIC. INSETICIDA;IMPLEMENTO;PULVERIZADOR CIMAG PPEC 600
66150;IMPLEMENTO - APLIC. INSETICIDA;IMPLEMENTO;PULVERIZADOR CIMAG PPEC 600
66151;IMPLEMENTO - APLIC. INSETICIDA;IMPLEMENTO;PULVERIZADOR CIMAG PPEC 600
66152;IMPLEMENTO - DIVERSOS;IMPLEMENTO;BETONEIRA RENTAL FORCE 400 MD4
66153;IMPLEMENTO - SUBSOLADOR/CANTERIZADOR;IMPLEMENTO;SUBSOLADOR CIVEMASA STAC SP 550
66154;IMPLEMENTO - SUBSOLADOR/CANTERIZADOR;IMPLEMENTO;SUBSOLADOR CIVEMASA STAC SP 550
66155;IMPLEMENTO - PLANTADORA CANA;IMPLEMENTO;PLANTADORA CANA DMB PCP6000
66156;IMPLEMENTO - APLIC. INSETICIDA;IMPLEMENTO;PULVERIZADOR CIMAG PPEC 600
66157;IMPLEMENTO - CARRETA AGRICOLA;IMPLEMENTO;CARRETA TRANSPORTE TUBOS
66158;IMPLEMENTO - SUBSOLADOR/CANTERIZADOR;IMPLEMENTO;SUBSOLADOR CIVEMASA STAC SP 550
66159;IMPLEMENTO - CULTIVADOR / QUEBRA LOMBO;IMPLEMENTO;CULTIVADOR DMB 2 LINHAS APLIC HERBICIDA
66160;IMPLEMENTO - CULTIVADOR / QUEBRA LOMBO;IMPLEMENTO;CULTIVADOR DMB 2 LINHAS APLIC HERBICIDA
66161;IMPLEMENTO - MOTOSSERRA;IMPLEMENTO;MOTOSSERRA STIHL MS 382
66162;IMPLEMENTO - MOTOSSERRA;IMPLEMENTO;MOTOSSERRA STIHL MS 382
66760;IMPLEMENTO - HERBIPLUS E BOMBA COSTAL;IMPLEMENTO;BOMBA PULVERIZADOR COSTAL JACTO PJH 20
67000;DRONE - APLICACAO AEREA;DRONE;DRONE DJI AGRAS T30
67001;DRONE - APLICACAO AEREA;DRONE;DRONE DJI AGRAS T10
67002;DRONE - APLICACAO AEREA;DRONE;DRONE DJI AGRAS T25
67003;DRONE - APLICACAO AEREA;DRONE;DRONE DJI AGRAS T25
67004;DRONE - DIVERSOS;DRONE;DRONE DJI MAVIC 3
67005;DRONE - DIVERSOS;DRONE;DRONE DJI MINI 3
67006;DRONE - DIVERSOS;DRONE;DRONE DJI MINI 3
68001;UTILITARIO - DIVERSOS;UTILITARIO;ADMINISTRACAO - AGRICOLA
68010;UTILITARIO - DIVERSOS;UTILITARIO;UTILITARIO - ABASTECIMENTO AUTORIZADO
68012;UTILITARIO - DIVERSOS;UTILITARIO;UTILITARIO - DANOS A TERCEIROS
68013;UTILITARIO - DIVERSOS;UTILITARIO;UTILITARIO - POSTO COMBUSTIVEL
68015;UTILITARIO - OFICINA;UTILITARIO;OFICINA - ADMINISTRATIVA
68016;UTILITARIO - OFICINA;UTILITARIO;OFICINA - CAMINHOES
68017;UTILITARIO - OFICINA;UTILITARIO;OFICINA - MAQUINAS
68018;UTILITARIO - OFICINA;UTILITARIO;OFICINA - TORNEARIA
68019;UTILITARIO - OFICINA;UTILITARIO;OFICINA - REBOQUES
68021;UTILITARIO - OFICINA;UTILITARIO;OFICINA - MANUTENCAO BASICA
68022;UTILITARIO - OFICINA;UTILITARIO;OFICINA - ELETRICA
68023;UTILITARIO - OFICINA;UTILITARIO;OFICINA - CALDEIRARIA
68024;UTILITARIO - OFICINA;UTILITARIO;OFICINA - MONTAGEM MOTORES
68025;UTILITARIO - OFICINA;UTILITARIO;OFICINA - COLHEDORA
68026;UTILITARIO - OFICINA;UTILITARIO;OFICINA - HIDRAULICA
68027;UTILITARIO - OFICINA;UTILITARIO;OFICINA - PNEUMATICA
68028;UTILITARIO - OFICINA;UTILITARIO;OFICINA - CAIXA MARCHA/DIFERENCIAL
68029;UTILITARIO - OFICINA;UTILITARIO;OFICINA - RADIADORES
68030;UTILITARIO - OFICINA;UTILITARIO;OFICINA - IMPLEMENTOS
68031;UTILITARIO - OFICINA;UTILITARIO;OFICINA - VEICULOS LEVES
68032;UTILITARIO - OFICINA;UTILITARIO;OFICINA - ONIBUS
68033;UTILITARIO - OFICINA;UTILITARIO;OFICINA - BORRACHARIA
68034;UTILITARIO - OFICINA;UTILITARIO;OFICINA - LANTERNAGEM/PINTURA
68035;UTILITARIO - OFICINA;UTILITARIO;OFICINA - IRRIGACAO
68037;UTILITARIO - OFICINA;UTILITARIO;OFICINA - MANUT BASICA COMBOIO
68038;UTILITARIO - OFICINA;UTILITARIO;OFICINA - ZONA 3
94139;VEICULO - ASSISTENCIA;VEICULO;AUTOMOVEL FIAT CRONOS DRIVE SYH-2D06
94140;VEICULO - ASSISTENCIA;VEICULO;AUTOMOVEL GM ONIX PLUS 10TATLTZ TCN-0I38
94378;VEICULO - ASSISTENCIA;VEICULO;AUTOMOVEL RENAULT KWID ZEN 2 TDK-2H66
