ID;Categoria
46007;VEICULOS LEVES
46015;VEICULOS LEVES
60000;CAMINHONETE
60001;CAMINHONETE
60002;VEICULOS LEVES
60003;CAMINHONETE
60050;VEICULOS LEVES
60051;VEICULOS LEVES
60052;VEICULOS LEVES
60053;VEICULOS LEVES
60054;VEICULOS LEVES
60055;VEICULOS LEVES
60056;VEICULOS LEVES
60057;VEICULOS LEVES
60058;VEICULOS LEVES
60059;VEICULOS LEVES
60060;VEICULOS LEVES
60061;VEICULOS LEVES
60062;VEICULOS LEVES
60063;VEICULOS LEVES
60064;VEICULOS LEVES
60066;VEICULOS LEVES
60067;VEICULOS LEVES
60068;VEICULOS LEVES
60069;VEICULOS LEVES
60070;VEICULOS LEVES
60071;VEICULOS LEVES
60072;VEICULOS LEVES
60073;VEICULOS LEVES
60074;VEICULOS LEVES
60075;VEICULOS LEVES
60076;VEICULOS LEVES
60077;VEICULOS LEVES
60078;VEICULOS LEVES
60079;VEICULOS LEVES
60080;VEICULOS LEVES
60081;VEICULOS LEVES
60082;VEICULOS LEVES
60083;VEICULOS LEVES
60084;VEICULOS LEVES
60085;VEICULOS LEVES
60086;VEICULOS LEVES
60087;VEICULOS LEVES
60088;VEICULOS LEVES
60089;VEICULOS LEVES
60090;VEICULOS LEVES
60091;VEICULOS LEVES
60092;VEICULOS LEVES
60093;VEICULOS LEVES
60094;VEICULOS LEVES
60095;VEICULOS LEVES
60096;VEICULOS LEVES
60097;VEICULOS LEVES
60098;VEICULOS LEVES
60099;VEICULOS LEVES
60100;VEICULOS LEVES
60101;VEICULOS LEVES
60102;VEICULOS LEVES
60103;VEICULOS LEVES
60104;VEICULOS LEVES
60105;VEICULOS LEVES
60106;VEICULOS LEVES
60107;VEICULOS LEVES
60108;VEICULOS LEVES
60109;VEICULOS LEVES
60110;VEICULOS LEVES
60111;VEICULOS LEVES
60113;VEICULOS LEVES
60201;VEICULOS LEVES
60250;MOTOCICLETA
60251;MOTOCICLETA
60252;MOTOCICLETA
60253;MOTOCICLETA
60254;MOTOCICLETA
60255;MOTOCICLETA
60256;MOTOCICLETA
60257;MOTOCICLETA
60258;MOTOCICLETA
60259;MOTOCICLETA
60260;MOTOCICLETA
60261;MOTOCICLETA
60262;MOTOCICLETA
60263;MOTOCICLETA
60264;MOTOCICLETA
60265;MOTOCICLETA
60266;MOTOCICLETA
60267;MOTOCICLETA
60268;MOTOCICLETA
60269;MOTOCICLETA
60270;MOTOCICLETA
60271;MOTOCICLETA
60272;MOTOCICLETA
60273;MOTOCICLETA
60400;QUADRICICLO
60401;QUADRICICLO
60402;QUADRICICLO
60403;QUADRICICLO
60500;CAMINHÃO LOCALIZADA
60501;CAMINHÃO LOCALIZADA
60502;CAMINHÃO LOCALIZADA
60503;CAMINHÃO LOCALIZADA
60504;CAMINHÃO LOCALIZADA
60505;CAMINHÃO LOCALIZADA
60506;CAMINHÃO LOCALIZADA
60507;CAMINHÃO LOCALIZADA
60508;CAMINHÃO LOCALIZADA
60509;CAMINHÃO LOCALIZADA
60510;CAMINHÃO CANAVIEIRO
60511;CAMINHÃO CANAVIEIRO
60512;CAMINHÃO CANAVIEIRO
60513;CAMINHÃO CANAVIEIRO
60514;CAMINHÃO CANAVIEIRO
60515;CAMINHÃO CANAVIEIRO
60516;CAMINHÃO CANAVIEIRO
60517;CAMINHÃO CANAVIEIRO
60518;CAMINHÃO CANAVIEIRO
60519;CAMINHÃO CANAVIEIRO
60520;CAMINHÃO CANAVIEIRO
60521;CAMINHÃO CANAVIEIRO
60522;CAMINHÃO CANAVIEIRO
60523;CAMINHÃO CANAVIEIRO
60524;CAMINHÃO CANAVIEIRO
60525;CAMINHÃO CANAVIEIRO
60526;CAMINHÃO CANAVIEIRO
60527;CAMINHÃO CANAVIEIRO
60528;CAMINHÃO CANAVIEIRO
60529;CAMINHÃO CANAVIEIRO
60530;CAMINHÃO CANAVIEIRO
60531;CAMINHÃO CANAVIEIRO
60532;CAMINHÃO CANAVIEIRO
60533;CAMINHÃO CANAVIEIRO
60534;CAMINHÃO CANAVIEIRO
60535;CAMINHÃO CANAVIEIRO
60536;CAMINHÃO CANAVIEIRO
60537;CAMINHÃO CANAVIEIRO
60538;CAMINHÃO CANAVIEIRO
60539;CAMINHÃO CANAVIEIRO
60540;CAMINHÃO CANAVIEIRO
60541;CAMINHÃO CANAVIEIRO
60542;CAMINHÃO CANAVIEIRO
60543;CAMINHÃO CANAVIEIRO
60544;CAMINHÃO CANAVIEIRO
60545;CAMINHÃO CANAVIEIRO
60800;CAMINHAO
60801;CAMINHAO
60802;CAMINHAO
60803;CAMINHAO
60804;CAMINHAO
60805;CAMINHAO
60806;CAMINHAO
60807;CAMINHAO
60808;CAMINHAO
60809;CAMINHAO
60810;CAMINHAO
60811;CAMINHAO
60812;CAMINHAO
60813;CAMINHAO
60814;CAMINHAO
60815;CAMINHAO
60900;CAMINHAO
60901;CAMINHAO
60902;CAMINHAO
60903;CAMINHAO
60904;CAMINHAO
60906;CAMINHAO
60907;CAMINHAO
60908;CAMINHAO
60909;CAMINHAO
60910;CAMINHAO
60911;CAMINHAO
60912;CAMINHAO
60913;CAMINHAO
60914;CAMINHAO
60915;CAMINHAO
60916;CAMINHAO
60917;CAMINHAO
61002;CAMINHAO
61003;CAMINHAO
61050;CAMINHAO
61149;CAMINHAO
61150;CAMINHAO
61151;CAMINHAO
61152;CAMINHAO
61250;CAMINHAO
61251;CAMINHAO
61252;CAMINHAO
61609;ONIBUS
62001;CARREGADEIRA
62002;CARREGADEIRA
62200;TRATOR CONVENCIONAL
62201;TRATOR CONVENCIONAL
62202;TRATOR CONVENCIONAL
62203;TRATOR CONVENCIONAL
62204;TRATOR TRANSBORDO
62205;TRATOR CONVENCIONAL
62206;TRATOR CONVENCIONAL
62207;TRATOR CONVENCIONAL
62208;TRATOR CONVENCIONAL
62209;TRATOR CONVENCIONAL
62210;TRATOR CONVENCIONAL
62211;TRATOR CONVENCIONAL
62212;TRATOR CONVENCIONAL
62213;TRATOR CONVENCIONAL
62214;TRATOR CONVENCIONAL
62215;TRATOR TRANSBORDO
62216;TRATOR CONVENCIONAL
62217;TRATOR TRANSBORDO
62218;TRATOR CONVENCIONAL
62219;TRATOR CONVENCIONAL
62220;TRATOR TRANSBORDO
62221;TRATOR CONVENCIONAL
62222;TRATOR TRANSBORDO
62223;TRATOR CONVENCIONAL
62224;TRATOR CONVENCIONAL
62225;TRATOR CONVENCIONAL
62226;TRATOR CONVENCIONAL
62227;TRATOR TRANSBORDO
62228;TRATOR TRANSBORDO
62229;TRATOR TRANSBORDO
62230;TRATOR TRANSBORDO
62231;TRATOR TRANSBORDO
62232;TRATOR CONVENCIONAL
62233;TRATOR CONVENCIONAL
62234;TRATOR CONVENCIONAL
62235;TRATOR CONVENCIONAL
62236;TRATOR TRANSBORDO
62237;TRATOR CONVENCIONAL
62238;TRATOR TRANSBORDO
62239;TRATOR CONVENCIONAL
62240;TRATOR TRANSBORDO
62241;TRATOR TRANSBORDO
62242;TRATOR CONVENCIONAL
62243;TRATOR CONVENCIONAL
62244;TRATOR TRANSBORDO
62245;TRATOR TRANSBORDO
62246;TRATOR CONVENCIONAL
62247;TRATOR CONVENCIONAL
62248;TRATOR CONVENCIONAL
62249;TRATOR TRANSBORDO
62250;TRATOR TRANSBORDO
62251;TRATOR CONVENCIONAL
62252;TRATOR TRANSBORDO
62253;TRATOR TRANSBORDO
62254;TRATOR TRANSBORDO
62255;TRATOR TRANSBORDO
62256;TRATOR TRANSBORDO
62257;TRATOR TRANSBORDO
62258;TRATOR CONVENCIONAL
62259;TRATOR TRANSBORDO
62260;TRATOR TRANSBORDO
62261;TRATOR CONVENCIONAL
62262;TRATOR CONVENCIONAL
62263;TRATOR TRANSBORDO
62264;TRATOR TRANSBORDO
62265;TRATOR TRANSBORDO
62266;TRATOR TRANSBORDO
62500;COLHEDORAS
62502;COLHEDORAS
62503;COLHEDORAS
62504;COLHEDORAS
62505;COLHEDORAS
62506;COLHEDORAS
62507;COLHEDORAS
62508;COLHEDORAS
62509;COLHEDORAS
62510;COLHEDORAS
62511;COLHEDORAS
62512;COLHEDORAS
62513;COLHEDORAS
62514;COLHEDORAS
62515;COLHEDORAS
62516;COLHEDORAS
62517;COLHEDORAS
62518;COLHEDORAS
62519;COLHEDORAS
62520;COLHEDORAS
62521;COLHEDORAS
62522;COLHEDORAS
62523;COLHEDORAS
62700;TRATOR UNIPORT
63000;REBOQUE SEMI CANAV.
63001;REBOQUE SEMI CANAV.
63002;REBOQUE SEMI CANAV.
63003;REBOQUE SEMI CANAV.
63004;REBOQUE SEMI CANAV.
63005;REBOQUE SEMI CANAV.
63006;REBOQUE SEMI CANAV.
63007;REBOQUE SEMI CANAV.
63008;REBOQUE SEMI CANAV.
63009;REBOQUE CANAVIEIRO
63010;REBOQUE CANAVIEIRO
63011;REBOQUE CANAVIEIRO
63012;REBOQUE CANAVIEIRO
63013;REBOQUE CANAVIEIRO
63014;REBOQUE CANAVIEIRO
63015;REBOQUE CANAVIEIRO
63016;REBOQUE CANAVIEIRO
63017;REBOQUE CANAVIEIRO
63018;REBOQUE CANAVIEIRO
63019;REBOQUE SEMI CANAV.
63020;REBOQUE CANAVIEIRO
63021;REBOQUE SEMI CANAV.
63022;REBOQUE CANAVIEIRO
63023;REBOQUE SEMI CANAV.
63024;REBOQUE CANAVIEIRO
63025;REBOQUE CANAVIEIRO
63026;REBOQUE CANAVIEIRO
63027;REBOQUE CANAVIEIRO
63028;REBOQUE CANAVIEIRO
63029;REBOQUE CANAVIEIRO
63030;REBOQUE CANAVIEIRO
63031;REBOQUE SEMI CANAV.
63032;REBOQUE SEMI CANAV.
63033;REBOQUE SEMI CANAV.
63034;REBOQUE SEMI CANAV.
63035;REBOQUE SEMI CANAV.
63036;REBOQUE SEMI CANAV.
63037;REBOQUE SEMI CANAV.
63038;REBOQUE SEMI CANAV.
63039;REBOQUE SEMI CANAV.
63040;REBOQUE CANAVIEIRO
63041;REBOQUE CANAVIEIRO
63042;REBOQUE CANAVIEIRO
63043;REBOQUE SEMI CANAV.
63044;REBOQUE CANAVIEIRO
63045;REBOQUE SEMI CANAV.
63046;REBOQUE CANAVIEIRO
63047;REBOQUE CANAVIEIRO
63048;REBOQUE CANAVIEIRO
63049;REBOQUE SEMI CANAV.
63050;REBOQUE SEMI CANAV.
63051;REBOQUE CANAVIEIRO
63052;REBOQUE SEMI CANAV.
63053;REBOQUE SEMI CANAV.
63054;REBOQUE CANAVIEIRO
63056;REBOQUE CANAVIEIRO
63057;REBOQUE SEMI CANAV.
63059;REBOQUE SEMI CANAV.
63060;REBOQUE CANAVIEIRO
63061;REBOQUE CANAVIEIRO
63063;REBOQUE SEMI CANAV.
63064;REBOQUE CANAVIEIRO
63065;REBOQUE SEMI CANAV.
63066;REBOQUE CANAVIEIRO
63067;REBOQUE SEMI CANAV.
63068;REBOQUE CANAVIEIRO
63069;REBOQUE SEMI CANAV.
63070;REBOQUE CANAVIEIRO
63071;REBOQUE SEMI CANAV.
63072;REBOQUE CANAVIEIRO
63073;REBOQUE SEMI CANAV.
63074;REBOQUE CANAVIEIRO
63075;REBOQUE SEMI CANAV.
63076;REBOQUE CANAVIEIRO
63077;REBOQUE SEMI CANAV.
63078;REBOQUE CANAVIEIRO
63079;REBOQUE SEMI CANAV.
63080;REBOQUE CANAVIEIRO
63081;REBOQUE SEMI CANAV.
63082;REBOQUE CANAVIEIRO
63083;REBOQUE SEMI CANAV.
63084;REBOQUE CANAVIEIRO
63085;REBOQUE SEMI CANAV.
63086;REBOQUE CANAVIEIRO
63087;REBOQUE CANAVIEIRO
63088;REBOQUE CANAVIEIRO
63089;REBOQUE CANAVIEIRO
63090;REBOQUE CANAVIEIRO
63091;REBOQUE SEMI CANAV.
63092;REBOQUE SEMI CANAV.
63093;REBOQUE SEMI CANAV.
63094;REBOQUE SEMI CANAV.
63095;REBOQUE SEMI CANAV.
63096;REBOQUE CANAVIEIRO
63097;REBOQUE SEMI CANAV.
63098;REBOQUE CANAVIEIRO
63099;REBOQUE SEMI CANAV.
63100;REBOQUE CANAVIEIRO
63101;REBOQUE SEMI CANAV.
63102;REBOQUE CANAVIEIRO
63103;REBOQUE SEMI CANAV.
63104;REBOQUE CANAVIEIRO
63106;REBOQUE CANAVIEIRO
63107;REBOQUE SEMI CANAV.
63108;REBOQUE CANAVIEIRO
63110;REBOQUE SEMI CANAV.
63113;REBOQUE CANAVIEIRO
63114;REBOQUE CANAVIEIRO
63115;REBOQUE SEMI CANAV.
63116;REBOQUE SEMI CANAV.
63117;REBOQUE SEMI CANAV.
63118;REBOQUE SEMI CANAV.
63119;REBOQUE CANAVIEIRO
63120;REBOQUE SEMI CANAV.
63121;REBOQUE CANAVIEIRO
63122;REBOQUE SEMI CANAV.
63300;REBOQUE TRANSBORDO
63301;REBOQUE TRANSBORDO
63302;REBOQUE TRANSBORDO
63303;REBOQUE TRANSBORDO
63304;REBOQUE TRANSBORDO
63305;REBOQUE TRANSBORDO
63306;REBOQUE TRANSBORDO
63307;REBOQUE TRANSBORDO
63308;REBOQUE TRANSBORDO
63309;REBOQUE TRANSBORDO
63310;REBOQUE TRANSBORDO
63311;REBOQUE TRANSBORDO
63312;REBOQUE TRANSBORDO
63313;REBOQUE TRANSBORDO
63314;REBOQUE TRANSBORDO
63315;REBOQUE TRANSBORDO
63316;REBOQUE TRANSBORDO
63317;REBOQUE TRANSBORDO
63318;REBOQUE TRANSBORDO
63319;REBOQUE TRANSBORDO
63320;REBOQUE TRANSBORDO
63321;REBOQUE TRANSBORDO
63322;REBOQUE TRANSBORDO
63323;REBOQUE TRANSBORDO
63324;REBOQUE TRANSBORDO
63325;REBOQUE TRANSBORDO
63326;REBOQUE TRANSBORDO
63327;REBOQUE TRANSBORDO
63328;REBOQUE TRANSBORDO
63329;REBOQUE TRANSBORDO
63330;REBOQUE TRANSBORDO
63331;REBOQUE TRANSBORDO
63332;REBOQUE TRANSBORDO
63333;REBOQUE TRANSBORDO
63334;REBOQUE TRANSBORDO
63335;REBOQUE TRANSBORDO
63336;REBOQUE TRANSBORDO
63337;REBOQUE TRANSBORDO
63338;REBOQUE TRANSBORDO
63339;REBOQUE TRANSBORDO
63340;REBOQUE TRANSBORDO
63341;REBOQUE TRANSBORDO
63342;REBOQUE TRANSBORDO
63343;REBOQUE TRANSBORDO
63344;REBOQUE TRANSBORDO
63345;REBOQUE TRANSBORDO
63346;REBOQUE TRANSBORDO
63347;REBOQUE TRANSBORDO
63348;REBOQUE TRANSBORDO
63349;REBOQUE TRANSBORDO
63350;REBOQUE TRANSBORDO
63351;REBOQUE TRANSBORDO
63352;REBOQUE TRANSBORDO
63353;REBOQUE TRANSBORDO
63354;REBOQUE TRANSBORDO
63355;REBOQUE TRANSBORDO
63356;REBOQUE TRANSBORDO
63357;REBOQUE TRANSBORDO
63358;REBOQUE TRANSBORDO
63359;REBOQUE TRANSBORDO
63360;REBOQUE TRANSBORDO
63361;REBOQUE TRANSBORDO
63362;REBOQUE TRANSBORDO
63363;REBOQUE TRANSBORDO
63364;REBOQUE TRANSBORDO
63365;REBOQUE TRANSBORDO
63366;REBOQUE TRANSBORDO
63367;REBOQUE TRANSBORDO
63368;REBOQUE TRANSBORDO
63369;REBOQUE TRANSBORDO
63370;REBOQUE TRANSBORDO
63371;REBOQUE TRANSBORDO
63372;REBOQUE TRANSBORDO
63373;REBOQUE TRANSBORDO
63374;REBOQUE TRANSBORDO
63375;REBOQUE TRANSBORDO
63376;REBOQUE TRANSBORDO
63377;REBOQUE TRANSBORDO
63378;REBOQUE TRANSBORDO
63379;REBOQUE TRANSBORDO
63380;REBOQUE TRANSBORDO
63381;REBOQUE TRANSBORDO
63382;REBOQUE TRANSBORDO
63383;REBOQUE TRANSBORDO
63384;REBOQUE TRANSBORDO
63385;REBOQUE TRANSBORDO
63386;REBOQUE TRANSBORDO
63387;REBOQUE TRANSBORDO
63388;REBOQUE TRANSBORDO
63389;REBOQUE TRANSBORDO
63600;REBOQUE PRANCHA
63601;SEMI REBOQUE PRANCHA
63650;REBOQUE CANAVIEIRO
63651;REBOQUE OFICINA
63700;TANQUE
63701;SEMI REBOQUE TANQUE
63702;SEMI REBOQUE TANQUE
63703;SEMI REBOQUE TANQUE
63704;REBOQUE TANQUE
63705;REBOQUE TANQUE
63706;REBOQUE TANQUE
63707;SEMI REBOQUE TANQUE
63708;TANQUE
63709;SEMI REBOQUE TANQUE
63710;SEMI REBOQUE TANQUE
63711;SEMI REBOQUE TANQUE
63712;REBOQUE TANQUE
63713;SEMI REBOQUE TANQUE
63714;SEMI REBOQUE TANQUE
63715;SEMI REBOQUE TANQUE
63716;SEMI REBOQUE TANQUE
63717;SEMI REBOQUE TANQUE
63718;REBOQUE TANQUE
63719;REBOQUE TANQUE
63720;REBOQUE TANQUE
63721;SEMI REBOQUE TANQUE
63722;REBOQUE TANQUE
63723;SEMI REBOQUE TANQUE
63724;REBOQUE TANQUE
63725;REBOQUE TANQUE
63726;REBOQUE TANQUE
63727;REBOQUE TANQUE
63728;REBOQUE TANQUE
63729;SEMI REBOQUE TANQUE
63730;REBOQUE TANQUE
63731;REBOQUE TANQUE
63732;REBOQUE TANQUE
63733;REBOQUE TANQUE
63734;REBOQUE TANQUE
63735;REBOQUE TANQUE
63736;SEMI REBOQUE TANQUE
63737;REBOQUE TANQUE
63738;SEMI REBOQUE TANQUE
63739;SEMI REBOQUE TANQUE
63740;SEMI REBOQUE TANQUE
63800;AREA VIVENCIA
63801;AREA VIVENCIA
63802;AREA VIVENCIA
63803;AREA VIVENCIA
63804;AREA VIVENCIA
63805;AREA VIVENCIA
63806;AREA VIVENCIA
63807;AREA VIVENCIA
63808;AREA VIVENCIA
63809;AREA VIVENCIA
63810;REBOQUE TRANSBORDO
63811;REBOQUE TRANSBORDO
63812;REBOQUE TRANSBORDO
63813;AREA VIVENCIA
63814;AREA VIVENCIA
63815;AREA VIVENCIA
63816;AREA VIVENCIA
63900;SEMI REBOQUE CACAMBA
63901;SEMI REBOQUE GRANELEIRO
64000;PA CARREGADEIRA
64002;PA CARREGADEIRA
64003;PA CARREGADEIRA
64100;ESCAVADEIRA
64101;RETROESCAVADEIRA
64200;MOTONIVELADORA
64201;MOTONIVELADORA
64202;MOTONIVELADORA
64300;TRATOR ESTEIRA
64350;ROLO COMPACTADOR
64400;EMPILHADEIRA
64401;EMPILHADEIRA
64402;EMPILHADEIRA
64403;MANIPULADORA
64404;MANIPULADORA
65000;MOTOR IRRIGACAO
65001;MOTOR IRRIGACAO
65002;MOTOR ESTACIONARIO
65003;MOTOR IRRIGACAO
65004;MOTOR IRRIGACAO
65005;MOTOR IRRIGACAO
65006;MOTOR IRRIGACAO
65007;MOTOR IRRIGACAO
65008;MOTOR IRRIGACAO
65009;MOTOR IRRIGACAO
65011;MOTOR IRRIGACAO
65014;MOTOR IRRIGACAO
65302;ELETROBOMBA
65303;ELETROBOMBA
65304;ELETROBOMBA
65305;ELETROBOMBA
65306;ELETROBOMBA
65307;ELETROBOMBA
65308;ELETROBOMBA
65309;ELETROBOMBA
65310;ELETROBOMBA
65311;ELETROBOMBA
65312;ELETROBOMBA
65313;ELETROBOMBA
65314;ELETROBOMBA
65315;ELETROBOMBA
65316;ELETROBOMBA
65317;ELETROBOMBA
65318;ELETROBOMBA
65319;ELETROBOMBA
65320;ELETROBOMBA
65321;ELETROBOMBA
65322;ELETROBOMBA
65323;ELETROBOMBA
65324;ELETROBOMBA
65325;ELETROBOMBA
65326;ELETROBOMBA
65327;ELETROBOMBA
65328;ELETROBOMBA
65329;ELETROBOMBA
65330;ELETROBOMBA
65331;ELETROBOMBA
65332;ELETROBOMBA
65333;ELETROBOMBA
65500;HIDRO ROLL
65501;HIDRO ROLL
65502;HIDRO ROLL
65503;HIDRO ROLL
65504;HIDRO ROLL
65505;HIDRO ROLL
65506;HIDRO ROLL
65507;HIDRO ROLL
65508;HIDRO ROLL
65509;HIDRO ROLL
65510;HIDRO ROLL
65511;HIDRO ROLL
65512;HIDRO ROLL
65513;HIDRO ROLL
65514;HIDRO ROLL
65515;HIDRO ROLL
65516;HIDRO ROLL
65517;HIDRO ROLL
65518;HIDRO ROLL
65519;HIDRO ROLL
65520;HIDRO ROLL
65521;HIDRO ROLL
65522;HIDRO ROLL
65523;HIDRO ROLL
65524;HIDRO ROLL
65525;HIDRO ROLL
65526;HIDRO ROLL
65527;HIDRO ROLL
65528;HIDRO ROLL
65529;HIDRO ROLL
65530;HIDRO ROLL
65531;HIDRO ROLL
65532;HIDRO ROLL
65533;HIDRO ROLL
65534;HIDRO ROLL
65535;HIDRO ROLL
65536;HIDRO ROLL
65537;HIDRO ROLL
65538;HIDRO ROLL
65539;HIDRO ROLL
65540;HIDRO ROLL
65541;HIDRO ROLL
65542;HIDRO ROLL
65543;HIDRO ROLL
65544;HIDRO ROLL
65545;HIDRO ROLL
65546;HIDRO ROLL
65547;HIDRO ROLL
65548;HIDRO ROLL
65549;HIDRO ROLL
65550;HIDRO ROLL
65551;HIDRO ROLL
65552;HIDRO ROLL
65553;HIDRO ROLL
65554;HIDRO ROLL
65555;HIDRO ROLL
65700;MOTOR GERADOR
65701;MOTOR GERADOR
65702;MOTOR GERADOR
65703;MOTOR GERADOR
65704;MOTOR GERADOR
65705;MOTOR GERADOR
65706;MOTOR GERADOR
65707;MOTOR GERADOR
65708;MOTOR GERADOR
65709;MOTOR GERADOR
65710;MOTOR GERADOR
65711;MOTOR GERADOR
65712;MOTOR GERADOR
65713;MOTOR GERADOR
65714;MOTOR GERADOR
65715;MOTOR GERADOR
65716;MOTOR GERADOR
65717;MOTOR GERADOR
65800;MOTOR ESTACIONARIO
65801;MOTOR ESTACIONARIO
66000;MOTOSSERRA
66001;MOTOSSERRA
66002;PULV. IMPLEMENTO
66003;GRADE
66004;GRADE
66005;PLANTADORA CANA
66006;PLANTADORA CANA
66007;PLANTADORA CANA
66008;PLANTADORA CANA
66009;PLANTADORA CANA
66010;PLANTADORA CANA
66011;PLANTADORA CANA
66012;PLANTADORA CANA
66013;COBRIDOR
66014;COBRIDOR
66015;GRADE
66016;SULCADOR
66017;SULCADOR
66018;SULCADOR
66019;PULV. IMPLEMENTO
66020;COBRIDOR
66021;SUBSOLADOR
66022;SUBSOLADOR
66023;SUBSOLADOR
66024;CARRETA
66025;CARRETA
66026;CARRETA
66027;SUBSOLADOR
66028;PULV. IMPLEMENTO
66029;GRADE
66030;SULCADOR
66031;CULTIVADOR
66032;DISTRIB. ADUBO
66033;DISTRIB. ADUBO
66034;CARRETA
66035;CULTIVADOR
66036;SULCADOR
66037;CULTIVADOR
66038;ROCADEIRA
66039;ROCADEIRA
66040;SULCADOR
66041;GRADE
66042;GRADE
66043;SUBSOLADOR
66044;SULCADOR
66045;CARRETA
66046;ROCADEIRA
66047;PULV. IMPLEMENTO
66048;SULCADOR
66049;CARRETA
66050;GRADE
66051;TRANSFORMADOR
66052;SUBSOLADOR
66053;CARRETA
66054;CARRETA
66055;ELETROIMA
66056;IMPLEMENTOS AGRICOLAS
66057;IMPLEMENTOS AGRICOLAS
66058;DISTRIB. ADUBO
66059;ROCADEIRA
66060;TRANSFORMADOR
66061;TRANSFORMADOR
66062;TRANSFORMADOR
66063;TRANSFORMADOR
66064;DISTRIB. ADUBO
66065;CARRETA
66066;CARRETA
66067;CARRETA
66068;CARRETA
66069;TRANSFORMADOR
66070;TRANSFORMADOR
66071;CARRETA
66072;TRANSFORMADOR
66073;TRANSFORMADOR
66074;TRANSFORMADOR
66075;TRANSFORMADOR
66076;TRANSFORMADOR
66077;CARRETA
66078;REBOQUE TANQUE
66079;AREA VIVENCIA
66080;AREA VIVENCIA
66081;AREA VIVENCIA
66082;AREA VIVENCIA
66083;AREA VIVENCIA
66084;AREA VIVENCIA
66085;AREA VIVENCIA
66086;AREA VIVENCIA
66087;AREA VIVENCIA
66088;AREA VIVENCIA
66089;AREA VIVENCIA
66090;AREA VIVENCIA
66091;SUBSOLADOR
66092;CARRETA
66093;IMPLEMENTOS AGRICOLAS
66094;IMPLEMENTOS AGRICOLAS
66095;DISTRIB. ADUBO
66096;MOTOSSERRA
66097;MOTOSSERRA
66098;SULCADOR
66099;PULV. IMPLEMENTO
66100;PULV. IMPLEMENTO
66101;PULV. IMPLEMENTO
66102;PULV. IMPLEMENTO
66103;PULV. IMPLEMENTO
66104;TRANSFORMADOR
66105;TRANSFORMADOR
66106;IMPLEMENTOS AGRICOLAS
66107;IMPLEMENTOS AGRICOLAS
66108;CARRETA
66109;CARRETA
66110;CARRETA
66111;MOTOSSERRA
66112;TRATOR CONVENCIONAL
66113;SERRARIA MOVEL
66114;CARRETA
66115;CARRETA
66116;CARRETA
66117;CARRETA
66118;DISTRIB. CANA
66119;DISTRIB. CANA
66121;DISTRIB. CANA
66122;DISTRIB. CANA
66123;DISTRIB. CANA
66125;DISTRIB. CANA
66126;PULV. IMPLEMENTO
66127;PULV. IMPLEMENTO
66128;MOTOSSERRA
66129;MOTOSSERRA
66130;SUBSOLADOR
66131;ROCADEIRA
66132;ROCADEIRA
66133;ROCADEIRA
66134;CARRETA
66135;CARRETA
66136;CARRETA
66137;BETONEIRA
66138;TRANSFORMADOR
66139;TRANSFORMADOR
66140;TRANSFORMADOR
66141;CULTIVADOR
66142;CULTIVADOR
66143;PLANTADORA CANA
66144;PLANTADORA CANA
66145;SOPRADOR COSTAL
66146;CULTIVADOR
66147;TERMONEBULIZADOR
66148;SEPARADOR MAGNETICO
66149;PULV. IMPLEMENTO
66150;PULV. IMPLEMENTO
66151;PULV. IMPLEMENTO
67000;DRONE
67001;DRONE
68001;SETOR - OFICINA (DESPESAS)
68010;UTILITARIO
68012;UTILITARIO
68013;UTILITARIO
68015;SETOR - OFICINA (DESPESAS)
68016;SETOR - OFICINA (DESPESAS)
68017;SETOR - OFICINA (DESPESAS)
68018;SETOR - OFICINA (DESPESAS)
68019;SETOR - OFICINA (DESPESAS)
68021;SETOR - OFICINA (DESPESAS)
68022;SETOR - OFICINA (DESPESAS)
68023;SETOR - OFICINA (DESPESAS)
68024;SETOR - OFICINA (DESPESAS)
68025;SETOR - OFICINA (DESPESAS)
68026;SETOR - OFICINA (DESPESAS)
68027;SETOR - OFICINA (DESPESAS)
68028;SETOR - OFICINA (DESPESAS)
68029;SETOR - OFICINA (DESPESAS)
68030;SETOR - OFICINA (DESPESAS)
68031;SETOR - OFICINA (DESPESAS)
68032;SETOR - OFICINA (DESPESAS)
68033;SETOR - OFICINA (DESPESAS)
68034;SETOR - OFICINA (DESPESAS)
68035;SETOR - OFICINA (DESPESAS)
68037;SETOR - OFICINA (DESPESAS)
68038;SETOR - OFICINA (DESPESAS)
80000;REBOQUE TRANSBORDO
80001;REBOQUE CANAVIEIRO
80002;TRATOR CONVENCIONAL
80003;COLHEDORA
80004;CAMINHAO
62230;TRATOR TRANSBORDO
12232;TRATOR INDUSTRIA
